"annee_consommation","meta_categorie_activite","categorie_activite","sous_categorie_activite","nombre_declaration","surface_declaree","consommation_declaree"
"0 - année de référence","Accueil petite enfance","Accueil petite enfance","Accueil petite enfance - Administration et bureaux (Bureaux Standards)",46,73071,8796405
"0 - année de référence","Accueil petite enfance","Accueil petite enfance","Accueil petite enfance - Crèche",884,817096,142727828
"0 - année de référence","Accueil petite enfance","Accueil petite enfance","Accueil petite enfance - Halte garderie",230,189877,27609531
"0 - année de référence","Accueil petite enfance","Accueil petite enfance","Accueil petite enfance - Valeur par défaut",448,549408,79468671
"0 - année de référence","Audiovisuel","Audiovisuel - Radio","Radio (Valeur par défaut)",34,8278,2062373
"0 - année de référence","Audiovisuel","Audiovisuel - Radio","Radio - Administration et rédaction",29,30561,7339859
"0 - année de référence","Audiovisuel","Audiovisuel - Télévision et production cinéma","Télévision et production cinéma - Administration et rédaction",14,99135,46950873
"0 - année de référence","Audiovisuel","Audiovisuel - Télévision et production cinéma","Télévision et production cinéma - Studio d'enregistrement et de diffusion d'émissions télévisées",30,96971,14186813
"0 - année de référence","Audiovisuel","Audiovisuel - Télévision et production cinéma","Télévision et production cinéma - Valeur par défaut",38,137483,42546674
"0 - année de référence","Blanchisserie","Blanchisserie dite """"industrielle""""","Blanchisserie industrielle - Lavage, Séchage et Finition",41,65265,80875079
"0 - année de référence","Blanchisserie","Blanchisserie dite """"industrielle""""","Blanchisserie industrielle - Stockage & Chargement",7,41980,27154738
"0 - année de référence","Blanchisserie","Blanchisserie dite """"industrielle""""","Blanchisserie industrielle - Valeur par défaut",162,658605,893490951
"0 - année de référence","Bureaux","Bureaux - Services Publics - Banque","Accueil petite enfance - Crèche",3,2590,343063
"0 - année de référence","Bureaux","Bureaux - Services Publics - Banque","Banque - Distributeur automatique de billets indépendant",4,334,43497
"0 - année de référence","Bureaux","Bureaux - Services Publics - Banque","Banque - Zone guichets accueil personnalisé",175,97770,16848618
"0 - année de référence","Bureaux","Bureaux - Services Publics - Banque","Bibliothèque, médiathèque et service d'archives - ERP - Salle de lecture, d'exposition, de conférences, hall d'accueil",4,4486,598223
"0 - année de référence","Bureaux","Bureaux - Services Publics - Banque","Bureaux (Valeur par défaut)",7790,15263788,2435623561
"0 - année de référence","Bureaux","Bureaux - Services Publics - Banque","Bureaux - Autres activités de services",935,2040020,351564717
"0 - année de référence","Bureaux","Bureaux - Services Publics - Banque","Bureaux - Bureaux standards",17793,42987919,7828764564
"0 - année de référence","Bureaux","Bureaux - Services Publics - Banque","Bureaux - Centre Documentaire",34,83599,13030915
"0 - année de référence","Bureaux","Bureaux - Services Publics - Banque","Bureaux - Espace Co-Working",103,258104,42174238
"0 - année de référence","Bureaux","Bureaux - Services Publics - Banque","Bureaux - Flex Office",266,1573697,313823330
"0 - année de référence","Bureaux","Bureaux - Services Publics - Banque","Bureaux - Grande salle de réunion - Auditorium - Amphithéâtre (à partir de 30 places)",368,531363,83394888
"0 - année de référence","Bureaux","Bureaux - Services Publics - Banque","Bureaux - Open Space",2878,10069775,2123066094
"0 - année de référence","Bureaux","Bureaux - Services Publics - Banque","Bureaux - Salle Haute Intensité - Centre d'appel",58,133174,26179876
"0 - année de référence","Bureaux","Bureaux - Services Publics - Banque","Bureaux - Salle Haute Intensité - Salle de marché",7,41273,18232338
"0 - année de référence","Bureaux","Bureaux - Services Publics - Banque","Bureaux - Zone Accueil Public",755,932454,149093791
"0 - année de référence","Bureaux","Bureaux - Services Publics - Banque","Bureaux - Zone archive sans contrainte hygrothermique",122,358756,51120342
"0 - année de référence","Bureaux","Bureaux - Services Publics - Banque","Enseignement Primaire - Salles d'enseignement Elémentaire",5,4392,684961
"0 - année de référence","Bureaux","Bureaux - Services Publics - Banque","Enseignement Primaire - Salles d'enseignement Maternelle",4,8420,1138618
"0 - année de référence","Bureaux","Bureaux - Services Publics - Banque","Enseignement Primaire - Salles multi activité et Périscolaire",3,7638,1495487
"0 - année de référence","Bureaux","Bureaux - Services Publics - Banque","Entrepôt ou messagerie sans besoin de maintien en température du produit (avec ou sans maintien hors-gel des locaux)",44,198599,34643215
"0 - année de référence","Bureaux","Bureaux - Services Publics - Banque","Local vacant",5,20378,2423619
"0 - année de référence","Bureaux","Bureaux - Services Publics - Banque","Logistique - Administration et bureaux (bureaux standards)",7,97464,24402851
"0 - année de référence","Bureaux","Bureaux - Services Publics - Banque","Logistique ou messagerie température dirigée +12 à +17°C - produits frais (référence à +15°C)",3,6919,1532535
"0 - année de référence","Bureaux","Bureaux - Services Publics - Banque","Musée ou centre d'art sans protection patrimoniale - Salle d'exposition (tout type de traitement d'air)",5,9153,1984126
"0 - année de référence","Bureaux","Bureaux - Services Publics - Banque","Salle de spectacles vivants sans protection patrimoniale - Salle de spectacle et de répétition",7,18697,2775826
"0 - année de référence","Bureaux","Bureaux - Services Publics - Banque","Stationnement en infrastructure (Sous-sol en ventilation mécanique)",25,352388,46377689
"0 - année de référence","Bureaux","Bureaux - Services Publics - Banque","Stationnement en superstructure (Silo en ventilation naturelle, Parc de stationnement largement ventilé)",4,13706,2193436
"0 - année de référence","Commerce alimentaire","Commerce - Grande Surface Alimentaire - Grand supermarché (surface de vente comprise entre 1 000 m² et 2 500 m²)","Grand supermarché (Valeur par défaut)",1685,3592491,1616566309
"0 - année de référence","Commerce alimentaire","Commerce - Grande Surface Alimentaire - Grand supermarché (surface de vente comprise entre 1 000 m² et 2 500 m²)","Grand supermarché - Accueil et zone de caisses",3,8148,4464175
"0 - année de référence","Commerce alimentaire","Commerce - Grande Surface Alimentaire - Grand supermarché (surface de vente comprise entre 1 000 m² et 2 500 m²)","Grand supermarché - Réserve et Drive Froid négatif",3,6848,1790882
"0 - année de référence","Commerce alimentaire","Commerce - Grande Surface Alimentaire - Grand supermarché (surface de vente comprise entre 1 000 m² et 2 500 m²)","Grand supermarché - Réserve et Drive Froid positif",3,4972,2722863
"0 - année de référence","Commerce alimentaire","Commerce - Grande Surface Alimentaire - Grand supermarché (surface de vente comprise entre 1 000 m² et 2 500 m²)","Grand supermarché - Réserve et Drive température ambiante",34,87378,30201930
"0 - année de référence","Commerce alimentaire","Commerce - Grande Surface Alimentaire - Grand supermarché (surface de vente comprise entre 1 000 m² et 2 500 m²)","Grand supermarché - Zone de vente - Textile, bazar, maison et bricolage",6,13410,8683532
"0 - année de référence","Commerce alimentaire","Commerce - Grande Surface Alimentaire - Grand supermarché (surface de vente comprise entre 1 000 m² et 2 500 m²)","Grand supermarché - Zone de vente Produits de grande consommation (épicerie, boissons, produits d'entretien de la personne et de la maison)",222,605191,233070065
"0 - année de référence","Commerce alimentaire","Commerce - Grande Surface Alimentaire - Grand supermarché (surface de vente comprise entre 1 000 m² et 2 500 m²)","Grand supermarché - Zone de vente Produits frais et surgelés - Froid positif et négatif",187,519845,208022723
"0 - année de référence","Commerce alimentaire","Commerce - Grande Surface Alimentaire - Grand supermarché (surface de vente comprise entre 1 000 m² et 2 500 m²)","Grand supermarché - Zone de vente primeur",8,17019,8508844
"0 - année de référence","Commerce alimentaire","Commerce - Grande Surface Alimentaire - Hypermarché (surface de vente supérieure à 2 500 m²)","Hypermarché (Valeur par défaut)",1451,14769140,5233142056
"0 - année de référence","Commerce alimentaire","Commerce - Grande Surface Alimentaire - Hypermarché (surface de vente supérieure à 2 500 m²)","Hypermarché - Administration et bureaux",4,34472,10715455
"0 - année de référence","Commerce alimentaire","Commerce - Grande Surface Alimentaire - Hypermarché (surface de vente supérieure à 2 500 m²)","Hypermarché - Réserve et Drive température ambiante",83,770412,214264924
"0 - année de référence","Commerce alimentaire","Commerce - Grande Surface Alimentaire - Hypermarché (surface de vente supérieure à 2 500 m²)","Hypermarché - Station service",3,61088,14354928
"0 - année de référence","Commerce alimentaire","Commerce - Grande Surface Alimentaire - Hypermarché (surface de vente supérieure à 2 500 m²)","Hypermarché - Zone de vente - Textile, bazar, maison et bricolage",10,61549,22098766
"0 - année de référence","Commerce alimentaire","Commerce - Grande Surface Alimentaire - Hypermarché (surface de vente supérieure à 2 500 m²)","Hypermarché - Zone de vente Produits de grande consommation (épicerie, boissons, produits d'entretien de la personne et de la maison)",135,981519,335020841
"0 - année de référence","Commerce alimentaire","Commerce - Grande Surface Alimentaire - Hypermarché (surface de vente supérieure à 2 500 m²)","Hypermarché - Zone de vente Produits frais et surgelés - Froid positif et négatif",19,134906,41130788
"0 - année de référence","Commerce alimentaire","Commerce - Grande Surface Alimentaire - Petit supermarché (surface de vente comprise entre 400 m² et 1 000 m²)","Petit supermarché (Valeur par défaut)",960,1143677,374449580
"0 - année de référence","Commerce alimentaire","Commerce - Grande Surface Alimentaire - Petit supermarché (surface de vente comprise entre 400 m² et 1 000 m²)","Petit supermarché - Administration et bureaux",4,3746,1420143
"0 - année de référence","Commerce alimentaire","Commerce - Grande Surface Alimentaire - Petit supermarché (surface de vente comprise entre 400 m² et 1 000 m²)","Petit supermarché - Réserve et Drive température ambiante",6,14965,2807579
"0 - année de référence","Commerce alimentaire","Commerce - Grande Surface Alimentaire - Petit supermarché (surface de vente comprise entre 400 m² et 1 000 m²)","Petit supermarché - Station service",9,10420,3323828
"0 - année de référence","Commerce alimentaire","Commerce - Grande Surface Alimentaire - Petit supermarché (surface de vente comprise entre 400 m² et 1 000 m²)","Petit supermarché - Zone de vente - Textile, bazar, maison et bricolage",7,5956,1085729
"0 - année de référence","Commerce alimentaire","Commerce - Grande Surface Alimentaire - Petit supermarché (surface de vente comprise entre 400 m² et 1 000 m²)","Petit supermarché - Zone de vente Produits de grande consommation (épicerie, boissons, produits d'entretien de la personne et de la maison)",70,79804,31395575
"0 - année de référence","Commerce alimentaire","Commerce - Grande Surface Alimentaire - Petit supermarché (surface de vente comprise entre 400 m² et 1 000 m²)","Petit supermarché - Zone de vente Produits frais et surgelés - Froid positif et négatif",22,19313,7779660
"0 - année de référence","Commerce alimentaire","Commerce - Grande Surface Alimentaire - Petit supermarché (surface de vente comprise entre 400 m² et 1 000 m²)","Petit supermarché - Zone de vente primeur",11,12128,4264020
"0 - année de référence","Commerce alimentaire","Commerce - Grande Surface Alimentaire - Supérette (surface de vente < 400 m²)","Supérette (Valeur par défaut)",53,12993,5269935
"0 - année de référence","Commerce alimentaire","Commerce - Grande Surface Alimentaire - Supérette (surface de vente < 400 m²)","Supérette - Réserve et Drive température ambiante",4,1698,108859
"0 - année de référence","Commerce alimentaire","Commerce - Grande Surface Alimentaire - Supérette (surface de vente < 400 m²)","Supérette - Zone de vente froid positif et négatif",71,27448,19005684
"0 - année de référence","Commerce alimentaire","Commerce - Grande Surface Alimentaire - Supérette (surface de vente < 400 m²)","Supérette - Zone de vente hors froid",11,6544,3146804
"0 - année de référence","Commerce alimentaire","Commerces et services de détail - Alimentaire","Commerces et service de détail - Alimentaire (Valeur par défaut)",156,37267,13724331
"0 - année de référence","Commerce alimentaire","Commerces et services de détail - Alimentaire","Commerces et service de détail - Alimentaire - Administration et bureaux",11,3588,1186162
"0 - année de référence","Commerce alimentaire","Commerces et services de détail - Alimentaire","Commerces et service de détail - Alimentaire - Réserve froid ambiante",5,6742,428505
"0 - année de référence","Commerce alimentaire","Commerces et services de détail - Alimentaire","Commerces et service de détail - Alimentaire - Réserve froid positif",8,3263,882257
"0 - année de référence","Commerce alimentaire","Commerces et services de détail - Alimentaire","Commerces et service de détail - Boucherie, Charcuterie - Zone vente",24,6227,2170473
"0 - année de référence","Commerce alimentaire","Commerces et services de détail - Alimentaire","Commerces et service de détail - Boulangerie, Pâtisserie - Zone vente",263,76976,70558168
"0 - année de référence","Commerce alimentaire","Commerces et services de détail - Alimentaire","Commerces et service de détail - Chocolatier, Confiseur - Zone vente",83,16683,2828292
"0 - année de référence","Commerce alimentaire","Commerces et services de détail - Alimentaire","Commerces et service de détail - Epicerie, Caviste - Zone vente",79,29204,6109323
"0 - année de référence","Commerce alimentaire","Commerces et services de détail - Alimentaire","Commerces et service de détail - Primeurs - Zone vente",25,12502,4060117
"0 - année de référence","Commerce alimentaire","Commerces et services de détail - Alimentaire","Commerces et service de détail - Surgelés - Zone vente",178,64401,32443018
"0 - année de référence","Commerce alimentaire","Commerces et services de détail - Alimentaire","Commerces et service de détail - Traiteur - Zone vente",7,2790,472918
"0 - année de référence","Commerce de gros","Commerce de gros","Commerce de gros (Valeur par défaut)",1229,3129328,497004563
"0 - année de référence","Commerce de gros","Commerce de gros","Commerce de gros - Administration et bureaux",223,403651,44509815
"0 - année de référence","Commerce de gros","Commerce de gros","Commerce de gros - Autres produits alimentaires - Zone en température dirigée",25,64665,15393051
"0 - année de référence","Commerce de gros","Commerce de gros","Commerce de gros - Boucherie - Zone en température dirigée",6,5952,2998774
"0 - année de référence","Commerce de gros","Commerce de gros","Commerce de gros - Charcuterie et salaison - Zone en température dirigée",3,10492,1804013
"0 - année de référence","Commerce de gros","Commerce de gros","Commerce de gros - Crèmerie, Fromagerie - Zone en température dirigée",4,2998,455979
"0 - année de référence","Commerce de gros","Commerce de gros","Commerce de gros - Fleurs et végétaux - Zone en température dirigée",15,39890,9037836
"0 - année de référence","Commerce de gros","Commerce de gros","Commerce de gros - Primeurs - Zone en température dirigée",42,77890,14964780
"0 - année de référence","Commerce de gros","Commerce de gros","Commerce de gros - Produits de la mer - Zone en température dirigée",7,7425,2500053
"0 - année de référence","Commerce de gros","Commerce de gros","Commerce de gros - Produits non périssables - Zone en température ambiante",686,2296549,184178928
"0 - année de référence","Commerce de gros","Commerce de gros","Commerce de gros - Zone de présentation en température ambiante",295,559548,98835581
"0 - année de référence","Commerce de gros","Commerce de gros","Entrepôt ou messagerie sans besoin de maintien en température du produit (avec ou sans maintien hors-gel des locaux)",6,14678,1934550
"0 - année de référence","Commerce non alimentaire","Commerce - Grande Surface Spécialisée - Equipement automobile et Moto","GSS - Equipement automobile et moto (Valeur par défaut)",229,393894,57781741
"0 - année de référence","Commerce non alimentaire","Commerce - Grande Surface Spécialisée - Equipement automobile et Moto","GSS - Zone ateliers - Equipement automobile et moto",68,478869,151860611
"0 - année de référence","Commerce non alimentaire","Commerce - Grande Surface Spécialisée - Equipement automobile et Moto","GSS - Zone de réserve - Equipement automobile et moto",22,64066,4729876
"0 - année de référence","Commerce non alimentaire","Commerce - Grande Surface Spécialisée - Equipement automobile et Moto","GSS - Zone de vente - Equipement automobile et moto",105,160384,21427653
"0 - année de référence","Commerce non alimentaire","Commerce - Grande Surface Spécialisée - Equipement de la maison","GSS - Administration et bureaux",4,5090,299403
"0 - année de référence","Commerce non alimentaire","Commerce - Grande Surface Spécialisée - Equipement de la maison","GSS - Equipement de la maison (Valeur par défaut)",735,1714579,289414325
"0 - année de référence","Commerce non alimentaire","Commerce - Grande Surface Spécialisée - Equipement de la maison","GSS - Zone de réserve Equipement de la maison - Température ambiante",59,243985,19917769
"0 - année de référence","Commerce non alimentaire","Commerce - Grande Surface Spécialisée - Equipement de la maison","GSS - Zone de vente - Ameublement, Cuisines et Salles de bains, Art de la table",320,614813,63553115
"0 - année de référence","Commerce non alimentaire","Commerce - Grande Surface Spécialisée - Equipement de la maison","GSS - Zone de vente - Electroménager",219,904732,107677216
"0 - année de référence","Commerce non alimentaire","Commerce - Grande Surface Spécialisée - Equipement de la maison","GSS - Zone de vente - Jardinerie",110,324266,45189778
"0 - année de référence","Commerce non alimentaire","Commerce - Grande Surface Spécialisée - Equipement de la maison","GSS - Zone de vente - Luminaires",53,43818,7724169
"0 - année de référence","Commerce non alimentaire","Commerce - Grande Surface Spécialisée - Equipement de la personne et loisirs","GSS - Administration et bureaux",5,10266,996332
"0 - année de référence","Commerce non alimentaire","Commerce - Grande Surface Spécialisée - Equipement de la personne et loisirs","GSS - Equipement de la personne et Loisirs (Valeur par défaut)",361,633847,112039455
"0 - année de référence","Commerce non alimentaire","Commerce - Grande Surface Spécialisée - Equipement de la personne et loisirs","GSS - Zone de réserve Equipement de la personne et loisirs - Température ambiante",8,12905,954054
"0 - année de référence","Commerce non alimentaire","Commerce - Grande Surface Spécialisée - Equipement de la personne et loisirs","GSS - Zone de vente - Culture, Média et Loisirs (Librairie, téléphonie, produits culturels et technologiques, jeux et loisirs)",372,591425,86248167
"0 - année de référence","Commerce non alimentaire","Commerce - Grande Surface Spécialisée - Equipement de la personne et loisirs","GSS - Zone de vente - Equipement de la personne (Vêtements , Lingerie, Linge de maison, Chaussures, Maroquinerie et bagages)",594,862521,161478309
"0 - année de référence","Commerce non alimentaire","Commerce - Grande Surface Spécialisée - Equipement de la personne et loisirs","GSS - Zone de vente - Santé, Soins & Beauté (Pharmacie, Parapharmacie, Opticien, Beauté & bien être, Parfumerie…)",23,31457,11713672
"0 - année de référence","Commerce non alimentaire","Commerce - Grande Surface Spécialisée - Equipement de la personne et loisirs","GSS - Zone de vente - Sports et Outdoor",147,307298,46457915
"0 - année de référence","Commerce non alimentaire","Commerce - Grande Surface de Bricolage","GSB (Valeur par défaut)",932,3666163,390167763
"0 - année de référence","Commerce non alimentaire","Commerce - Grande Surface de Bricolage","GSB - Administration et bureaux",38,67014,5093364
"0 - année de référence","Commerce non alimentaire","Commerce - Grande Surface de Bricolage","GSB - Atelier clients",8,15821,971140
"0 - année de référence","Commerce non alimentaire","Commerce - Grande Surface de Bricolage","GSB - Cours matériaux couverte (espace d'exposition éclairé et non chauffé)",107,306164,16983210
"0 - année de référence","Commerce non alimentaire","Commerce - Grande Surface de Bricolage","GSB - Cours matériaux non couverte (extérieur - appoint éclairage)",98,844117,43088776
"0 - année de référence","Commerce non alimentaire","Commerce - Grande Surface de Bricolage","GSB - Réserve température ambiante",248,777617,45543872
"0 - année de référence","Commerce non alimentaire","Commerce - Grande Surface de Bricolage","GSB - Zone de vente non électro-intensif",740,3802623,360268301
"0 - année de référence","Commerce non alimentaire","Commerce - Grande Surface de Bricolage","GSB - Zone de vente électro-intensif (présentation luminaires)",37,209388,18508140
"0 - année de référence","Commerce non alimentaire","Commerce - Grande Surface de Bricolage","GSB - Zone découpe matériau",3,7421,658265
"0 - année de référence","Commerce non alimentaire","Commerces et services de détail - Equipement de la maison","Commerces et service de détail - Ameublement - Zone vente",868,953017,119548717
"0 - année de référence","Commerce non alimentaire","Commerces et services de détail - Equipement de la maison","Commerces et service de détail - Animalerie - Zone vente",201,150706,20756129
"0 - année de référence","Commerce non alimentaire","Commerces et services de détail - Equipement de la maison","Commerces et service de détail - Art de la table - Zone vente",20,11957,1571355
"0 - année de référence","Commerce non alimentaire","Commerces et services de détail - Equipement de la maison","Commerces et service de détail - Bricolage, Décoration - Zone vente",273,268629,33562114
"0 - année de référence","Commerce non alimentaire","Commerces et services de détail - Equipement de la maison","Commerces et service de détail - Cuisine, Salles de bains - Zone vente",57,40994,4217054
"0 - année de référence","Commerce non alimentaire","Commerces et services de détail - Equipement de la maison","Commerces et service de détail - Electroménager, Vidéo et HIFI - Zone vente",67,41470,4612148
"0 - année de référence","Commerce non alimentaire","Commerces et services de détail - Equipement de la maison","Commerces et service de détail - Equipement de la maison (Valeur par défaut)",488,459973,46913202
"0 - année de référence","Commerce non alimentaire","Commerces et services de détail - Equipement de la maison","Commerces et service de détail - Equipement de la maison - Administration et bureaux",49,43021,5068932
"0 - année de référence","Commerce non alimentaire","Commerces et services de détail - Equipement de la maison","Commerces et service de détail - Equipement de la maison - Réserve d'approche",138,478987,66976336
"0 - année de référence","Commerce non alimentaire","Commerces et services de détail - Equipement de la maison","Commerces et service de détail - Fleuriste - Zone vente",31,7456,1487640
"0 - année de référence","Commerce non alimentaire","Commerces et services de détail - Equipement de la maison","Commerces et service de détail - Jardinerie - Zone vente",86,114604,18003551
"0 - année de référence","Commerce non alimentaire","Commerces et services de détail - Equipement de la maison","Commerces et service de détail - Luminaire - Zone vente",3,2052,395909
"0 - année de référence","Commerce non alimentaire","Commerces et services de détail - Equipement de la maison","Commerces et service de détail - Service et Réparation de produits et équipements - Accueil public et process",42,43293,3162873
"0 - année de référence","Commerce non alimentaire","Commerces et services de détail - Equipement de la personne et loisirs","Commerces et service de détail - Accessoire de mode (Bijouterie, …) - Zone de vente",507,68995,20990891
"0 - année de référence","Commerce non alimentaire","Commerces et services de détail - Equipement de la personne et loisirs","Commerces et service de détail - Bien être (Sauna et Hammam) - Zone Public",13,14497,3593266
"0 - année de référence","Commerce non alimentaire","Commerces et services de détail - Equipement de la personne et loisirs","Commerces et service de détail - Culture, Média et Loisirs (Libraire, produits culturels, jeux et loisirs...) - Zone de vente",405,127925,23335423
"0 - année de référence","Commerce non alimentaire","Commerces et services de détail - Equipement de la personne et loisirs","Commerces et service de détail - Equipement de la personne (Vêtements, lingeries, linges de maison, chaussures, maroquinerie et bagages...) - Zone de vente",2835,1343875,255493221
"0 - année de référence","Commerce non alimentaire","Commerces et services de détail - Equipement de la personne et loisirs","Commerces et service de détail - Equipement de la personne et Loisirs (Valeur par défaut)",2574,1302020,234617199
"0 - année de référence","Commerce non alimentaire","Commerces et services de détail - Equipement de la personne et loisirs","Commerces et service de détail - Equipement de la personne et Loisirs - Administration et bureaux",241,241101,66899485
"0 - année de référence","Commerce non alimentaire","Commerces et services de détail - Equipement de la personne et loisirs","Commerces et service de détail - Equipement de la personne et Loisirs - Réserve d'approche",50,27156,2295416
"0 - année de référence","Commerce non alimentaire","Commerces et services de détail - Equipement de la personne et loisirs","Commerces et service de détail - Numérique et téléphonie - Zone vente",413,58514,18734817
"0 - année de référence","Commerce non alimentaire","Commerces et services de détail - Equipement de la personne et loisirs","Commerces et service de détail - Santé Optique - Zone vente",430,69130,15090168
"0 - année de référence","Commerce non alimentaire","Commerces et services de détail - Equipement de la personne et loisirs","Commerces et service de détail - Santé, Soins (Pharmacie, Parapharmacie) - Zone vente",163,56955,8876214
"0 - année de référence","Commerce non alimentaire","Commerces et services de détail - Equipement de la personne et loisirs","Commerces et service de détail - Service Conseil (Agences de voyages…) - Zone vente",96,26787,3563158
"0 - année de référence","Commerce non alimentaire","Commerces et services de détail - Equipement de la personne et loisirs","Commerces et service de détail - Service Pressing - Accueil public et process",42,3325,2152656
"0 - année de référence","Commerce non alimentaire","Commerces et services de détail - Equipement de la personne et loisirs","Commerces et service de détail - Services Equipements de la personne (Cordonnerie, Couturier,…) - Accueil public et process",30,5977,1251703
"0 - année de référence","Commerce non alimentaire","Commerces et services de détail - Equipement de la personne et loisirs","Commerces et service de détail - Soins & Beauté (Beauté & bien être) - Zone soins",198,38405,9106439
"0 - année de référence","Commerce non alimentaire","Commerces et services de détail - Equipement de la personne et loisirs","Commerces et service de détail - Soins & Beauté (Parfumerie, cosmétique…) - Zone vente",352,73737,20231475
"0 - année de référence","Commerce non alimentaire","Commerces et services de détail - Equipement de la personne et loisirs","Commerces et service de détail - Soins de la personne (Coiffeur, Salon d'esthétique, Massage) - Zone vente",582,54151,19100776
"0 - année de référence","Commerce non alimentaire","Commerces et services de détail - Equipement de la personne et loisirs","Commerces et service de détail - Sports et Outdoor - Zone vente",169,181640,25277705
"0 - année de référence","Culture","Culture et spectacles - Bibliothèque, médiathèque et service d'archives","Bibliothèque, médiathèque et service d'archives - Administration et bureaux (Bureaux Standards)",72,167476,21331394
"0 - année de référence","Culture","Culture et spectacles - Bibliothèque, médiathèque et service d'archives","Bibliothèque, médiathèque et service d'archives - ERP - Salle de lecture, d'exposition, de conférences, hall d'accueil",278,643350,102398173
"0 - année de référence","Culture","Culture et spectacles - Bibliothèque, médiathèque et service d'archives","Bibliothèque, médiathèque et service d'archives - Valeur par défaut",655,1510728,221958431
"0 - année de référence","Culture","Culture et spectacles - Bibliothèque, médiathèque et service d'archives","Bibliothèque, médiathèque et service d'archives - Zone de conservation des collections sans contrôle hygrométrique",21,45338,4513567
"0 - année de référence","Culture","Culture et spectacles - Bibliothèque, médiathèque et service d'archives","Bibliothèque, médiathèque et service d'archives - Zone de conservation et de traitement des collections avec contrôle climatique complet (température et hygrométrie)",48,334547,47069866
"0 - année de référence","Culture","Culture et spectacles - Cinéma","Cinéma - Administration et bureaux (Bureaux Standards)",5,20446,4409166
"0 - année de référence","Culture","Culture et spectacles - Cinéma","Cinéma - Salle de cinéma et cabine de projection",108,363645,84006937
"0 - année de référence","Culture","Culture et spectacles - Cinéma","Cinéma - Valeur par défaut",148,453476,85187630
"0 - année de référence","Culture","Culture et spectacles - Espèces vivantes","Espèces vivantes (Valeur par défaut)",26,53147,12133441
"0 - année de référence","Culture","Culture et spectacles - Espèces vivantes","Espèces vivantes - Administration et bureaux (Bureaux Standards)",27,24969,7023804
"0 - année de référence","Culture","Culture et spectacles - Espèces vivantes","Espèces vivantes - Aquarium et vivarium",8,67187,27367733
"0 - année de référence","Culture","Culture et spectacles - Espèces vivantes","Espèces vivantes - Parc zoologique (Enclos fermés et couverts d'hébergement des animaux)",10,64673,20695316
"0 - année de référence","Culture","Culture et spectacles - Espèces vivantes","Espèces vivantes - Serres",35,114575,30013674
"0 - année de référence","Culture","Culture et spectacles - Musée ou centre d'art avec protection patrimoniale","Musée ou centre d'art avec protection patrimoniale - Administration et bureaux (Bureaux Standards)",21,85343,16868806
"0 - année de référence","Culture","Culture et spectacles - Musée ou centre d'art avec protection patrimoniale","Musée ou centre d'art avec protection patrimoniale - Salle d'exposition (tout type de traitement d'air)",176,927011,189709398
"0 - année de référence","Culture","Culture et spectacles - Musée ou centre d'art avec protection patrimoniale","Musée ou centre d'art avec protection patrimoniale - Valeur par défaut",210,806961,138652765
"0 - année de référence","Culture","Culture et spectacles - Musée ou centre d'art avec protection patrimoniale","Musée ou centre d'art avec protection patrimoniale - Zone de conservation des collections avec contrôle climatique complet (température et hygrométrie)",16,95857,21666631
"0 - année de référence","Culture","Culture et spectacles - Musée ou centre d'art avec protection patrimoniale","Musée ou centre d'art avec protection patrimoniale - Zone de conservation des collections sans contrôle hygrométrique",12,39885,4904814
"0 - année de référence","Culture","Culture et spectacles - Musée ou centre d'art sans protection patrimoniale","Musée ou centre d'art sans protection patrimoniale - Administration et bureaux (Bureaux Standards)",29,105151,21372806
"0 - année de référence","Culture","Culture et spectacles - Musée ou centre d'art sans protection patrimoniale","Musée ou centre d'art sans protection patrimoniale - Salle d'animation audiovisuelle",7,8089,1020781
"0 - année de référence","Culture","Culture et spectacles - Musée ou centre d'art sans protection patrimoniale","Musée ou centre d'art sans protection patrimoniale - Salle d'exposition (tout type de traitement d'air)",214,601685,103054869
"0 - année de référence","Culture","Culture et spectacles - Musée ou centre d'art sans protection patrimoniale","Musée ou centre d'art sans protection patrimoniale - Valeur par défaut",226,732163,128065649
"0 - année de référence","Culture","Culture et spectacles - Musée ou centre d'art sans protection patrimoniale","Musée ou centre d'art sans protection patrimoniale - Zone de conservation des collections avec contrôle climatique complet (température et hygrométrie)",15,50714,13092539
"0 - année de référence","Culture","Culture et spectacles - Musée ou centre d'art sans protection patrimoniale","Musée ou centre d'art sans protection patrimoniale - Zone de conservation des collections sans contrôle hygrométrique",17,71560,10649542
"0 - année de référence","Culture","Culture et spectacles - Salle de spectacles vivants sans protection patrimoniale","Bibliothèque, médiathèque et service d'archives - ERP - Salle de lecture, d'exposition, de conférences, hall d'accueil",3,11876,1461384
"0 - année de référence","Culture","Culture et spectacles - Salle de spectacles vivants sans protection patrimoniale","Bureaux - Bureaux standards",3,5694,766857
"0 - année de référence","Culture","Culture et spectacles - Salle de spectacles vivants sans protection patrimoniale","Salle de spectacles vivants sans protection patrimoniale - Administration et bureaux (Bureaux Standards)",77,232763,38112646
"0 - année de référence","Culture","Culture et spectacles - Salle de spectacles vivants sans protection patrimoniale","Salle de spectacles vivants sans protection patrimoniale - Atelier et zone technique",20,83592,10127059
"0 - année de référence","Culture","Culture et spectacles - Salle de spectacles vivants sans protection patrimoniale","Salle de spectacles vivants sans protection patrimoniale - Foyer et zone de convivialité",13,12422,1243253
"0 - année de référence","Culture","Culture et spectacles - Salle de spectacles vivants sans protection patrimoniale","Salle de spectacles vivants sans protection patrimoniale - Loge des artistes",3,2877,366851
"0 - année de référence","Culture","Culture et spectacles - Salle de spectacles vivants sans protection patrimoniale","Salle de spectacles vivants sans protection patrimoniale - Salle de spectacle et de répétition",943,1965359,325668277
"0 - année de référence","Culture","Culture et spectacles - Salle de spectacles vivants sans protection patrimoniale","Salle de spectacles vivants sans protection patrimoniale - Valeur par défaut",987,2655149,392333536
"0 - année de référence","Culture","Culture et spectacles - Salle de spectacles vivants sans protection patrimoniale","Salle de spectacles vivants sans protection patrimoniale - Zone d'accueil du public",36,88501,14952106
"0 - année de référence","Culture","Culture et spectacles - Salle de spectacles vivants sans protection patrimoniale","Salle de spectacles vivants sans protection patrimoniale - Zone de stockage sans contrôle hygrométrique",9,26732,2486304
"0 - année de référence","Enseignement","Enseignement - Formation continue pour adultes","Formation continue pour adultes - Administration et bureaux (Bureaux Standards)",104,282332,41653433
"0 - année de référence","Enseignement","Enseignement - Formation continue pour adultes","Formation continue pour adultes - Amphithéâtre, Auditorium, Salles de conférences",8,26427,3268006
"0 - année de référence","Enseignement","Enseignement - Formation continue pour adultes","Formation continue pour adultes - Ateliers et Halles techniques avec Process",150,577828,80475440
"0 - année de référence","Enseignement","Enseignement - Formation continue pour adultes","Formation continue pour adultes - Salles de formation et d'enseignement banalisé - Avec Process",187,1324809,244956538
"0 - année de référence","Enseignement","Enseignement - Formation continue pour adultes","Formation continue pour adultes - Salles de formation et d'enseignement banalisé - Sans Process",196,570235,88823148
"0 - année de référence","Enseignement","Enseignement - Formation continue pour adultes","Formation continue pour adultes - Valeur par défaut",279,794718,129752521
"0 - année de référence","Enseignement","Enseignement Primaire","Bureaux - Bureaux standards",14,66839,17017524
"0 - année de référence","Enseignement","Enseignement Primaire","Bureaux - Grande salle de réunion - Auditorium - Amphithéâtre (à partir de 30 places)",3,6070,746863
"0 - année de référence","Enseignement","Enseignement Primaire","Enseignement Primaire - Administration et bureaux (Bureaux Standards)",368,815925,130595418
"0 - année de référence","Enseignement","Enseignement Primaire","Enseignement Primaire - Internat primaire",11,30962,5046095
"0 - année de référence","Enseignement","Enseignement Primaire","Enseignement Primaire - Salles d'enseignement Elémentaire",4189,10504717,1470979153
"0 - année de référence","Enseignement","Enseignement Primaire","Enseignement Primaire - Salles d'enseignement Maternelle",2029,3381893,480101839
"0 - année de référence","Enseignement","Enseignement Primaire","Enseignement Primaire - Salles multi activité et Périscolaire",661,1054094,155417876
"0 - année de référence","Enseignement","Enseignement Primaire","Enseignement Primaire - Valeur par défaut",3914,9250714,1217162606
"0 - année de référence","Enseignement","Enseignement Primaire","Enseignement Secondaire - Collège - Salles d'enseignements généraux",7,35736,3170075
"0 - année de référence","Enseignement","Enseignement Primaire","Gymnase (applicable à : Cesta punta, Salle d'escalade, Squash ou Tennis couvert…)",8,41822,5620733
"0 - année de référence","Enseignement","Enseignement Primaire","Restauration collective scolaire et universitaire",15,28775,4581904
"0 - année de référence","Enseignement","Enseignement Primaire","Salle de spectacles vivants sans protection patrimoniale - Salle de spectacle et de répétition",6,9968,1114962
"0 - année de référence","Enseignement","Enseignement Primaire","Salle de sport collectif (Basket ball, Hand ball, Volley ball, Futsal…)",9,59453,8274681
"0 - année de référence","Enseignement","Enseignement Secondaire","Enseignement Secondaire - Administration et bureaux (Bureaux Standards)",87,660681,82016742
"0 - année de référence","Enseignement","Enseignement Secondaire","Enseignement Secondaire - Collège - Salles d'enseignements généraux",2402,13732509,1660862029
"0 - année de référence","Enseignement","Enseignement Secondaire","Enseignement Secondaire - Collège - Salles d'enseignements professionnels adaptés",14,116664,15910440
"0 - année de référence","Enseignement","Enseignement Secondaire","Enseignement Secondaire - Etablissement régional d'enseignement adapté",106,1219597,189249100
"0 - année de référence","Enseignement","Enseignement Secondaire","Enseignement Secondaire - Internat secondaire",113,529422,77962637
"0 - année de référence","Enseignement","Enseignement Secondaire","Enseignement Secondaire - Lycée d'enseignement général (LG) ou Salles d'enseignement banalisé - Toutes séries confondues",870,12981370,1582824155
"0 - année de référence","Enseignement","Enseignement Secondaire","Enseignement Secondaire - Lycée d'enseignement général et techhnologique agricole - Lycée d'enseignement professionnel agricole",159,1720852,219893710
"0 - année de référence","Enseignement","Enseignement Secondaire","Enseignement Secondaire - Lycée d'enseignement professionnel",500,5542374,651875165
"0 - année de référence","Enseignement","Enseignement Secondaire","Enseignement Secondaire - Salles de TP",64,456723,57488233
"0 - année de référence","Enseignement","Enseignement Secondaire","Enseignement Secondaire - Valeur par défaut",2304,16559661,1967289758
"0 - année de référence","Enseignement","Enseignement Secondaire","Gymnase (applicable à : Cesta punta, Salle d'escalade, Squash ou Tennis couvert…)",3,10497,1221551
"0 - année de référence","Enseignement","Enseignement Secondaire","Lycée d'enseignement général et technologique - Lycée polyvalent",4,16527,1417521
"0 - année de référence","Enseignement","Enseignement Supérieur","Enseignement Supérieur - Administration et bureaux (Bureaux Standards)",132,1387761,249047177
"0 - année de référence","Enseignement","Enseignement Supérieur","Enseignement Supérieur - Amphithéâtre, Auditorium, Salles de conférences",39,227932,35737781
"0 - année de référence","Enseignement","Enseignement Supérieur","Enseignement Supérieur - Ateliers et Halles techniques avec Process",41,213802,33138284
"0 - année de référence","Enseignement","Enseignement Supérieur","Enseignement Supérieur - Salles de formation, d'enseignement ou de TP",75,545364,89132219
"0 - année de référence","Enseignement","Enseignement Supérieur","Enseignement Supérieur - Salles de formation, d'enseignement ou de vie de campus - Sans Process",400,2768696,460760481
"0 - année de référence","Enseignement","Enseignement Supérieur","Enseignement Supérieur - Valeur par défaut",701,4447968,709884578
"0 - année de référence","Evenementiel","Parc d'expositions","Parc d'expositions - Administration et bureaux (Bureaux Standards)",4,12815,2133573
"0 - année de référence","Evenementiel","Parc d'expositions","Parc d'expositions - Halles d'expositions",71,833380,97416099
"0 - année de référence","Evenementiel","Parc d'expositions","Parc d'expositions - Valeur par défaut",43,741926,80410385
"0 - année de référence","Evenementiel","Sports","Centre équestre",20,63950,2453897
"0 - année de référence","Evenementiel","Sports","Enseignement Primaire - Salles d'enseignement Elémentaire",3,14504,3248420
"0 - année de référence","Evenementiel","Sports","Enseignement Primaire - Salles d'enseignement Maternelle",3,7235,1150595
"0 - année de référence","Evenementiel","Sports","Entrepôt ou messagerie sans besoin de maintien en température du produit (avec ou sans maintien hors-gel des locaux)",5,15518,3088285
"0 - année de référence","Evenementiel","Sports","Gymnase (applicable à : Cesta punta, Salle d'escalade, Squash ou Tennis couvert…)",1860,4272785,588501054
"0 - année de référence","Evenementiel","Sports","Patinoire, dont vestiaires, douches et sanitaires",47,242620,107656936
"0 - année de référence","Evenementiel","Sports","Piscine, dont vestiaires, douches et sanitaires",711,2203007,1669680834
"0 - année de référence","Evenementiel","Sports","Récupération sportive (Massage - Cryothérapie en bassin ou cabine), Sauna, Hammam",8,50074,29266213
"0 - année de référence","Evenementiel","Sports","Salle d'athlétisme couverte",14,86322,7802862
"0 - année de référence","Evenementiel","Sports","Salle de danse",58,50667,7391374
"0 - année de référence","Evenementiel","Sports","Salle de spectacles vivants sans protection patrimoniale - Salle de spectacle et de répétition",8,22439,5828081
"0 - année de référence","Evenementiel","Sports","Salle de sport collectif (Basket ball, Hand ball, Volley ball, Futsal…)",2134,5007035,654723875
"0 - année de référence","Evenementiel","Sports","Salle de sport de combat (Dojo)",130,189158,29840126
"0 - année de référence","Evenementiel","Sports","Salle de sport de cours collectifs (fitness, pilates…)",295,562423,75421543
"0 - année de référence","Evenementiel","Sports","Salle de sport de pratique individuelle (Machines cardio et musculation)",401,558944,82349405
"0 - année de référence","Evenementiel","Sports","Sports - Administration et bureaux (bureaux standards)",151,188905,33479614
"0 - année de référence","Evenementiel","Sports","Sports - Valeur par défaut",1631,3953249,606546331
"0 - année de référence","Evenementiel","Sports","Sports - Vestiaires, douches et sanitaires (sauf vestiaires de piscines et patinoires)",481,506516,101446250
"0 - année de référence","Evenementiel","Sports","Stade/vélodrome - couvert",79,344693,34570479
"0 - année de référence","Evenementiel","Sports","Stade/vélodrome, Hippodrome et Cynodrome - non couvert",170,951063,130267363
"0 - année de référence","Evenementiel","Sports","Stand de tir",22,35994,2192067
"0 - année de référence","Halles","Halles et marchés couverts","Halles et marchés couverts (Valeur par défaut)",104,246717,27915890
"0 - année de référence","Halles","Halles et marchés couverts","Halles et marchés couverts - Etale ou stand alimentaire",44,84947,11230823
"0 - année de référence","Halles","Halles et marchés couverts","Halles et marchés couverts - Etale ou stand non-alimentaire",4,25057,3947697
"0 - année de référence","Halles","Halles et marchés couverts","Halles et marchés couverts - Partie commune (mail et locaux technique)",8,12094,1124734
"0 - année de référence","Hébergement touristique","Hébergement touristique de courte durée (auberge de jeunesse, centre-sportif, colonies de vacances, gîte d'étape et refuge de montagne)","Hébergement touristique de courte durée - Administration et bureaux (bureaux standards)",15,35397,4863332
"0 - année de référence","Hébergement touristique","Hébergement touristique de courte durée (auberge de jeunesse, centre-sportif, colonies de vacances, gîte d'étape et refuge de montagne)","Hébergement touristique de courte durée - Sanitaires et zone de couchages",200,528871,91229778
"0 - année de référence","Hébergement touristique","Hébergement touristique de courte durée (auberge de jeunesse, centre-sportif, colonies de vacances, gîte d'étape et refuge de montagne)","Hébergement touristique de courte durée - Valeur par défaut",341,941820,159722846
"0 - année de référence","Hébergement touristique","Hébergement touristique de courte durée (auberge de jeunesse, centre-sportif, colonies de vacances, gîte d'étape et refuge de montagne)","Hébergement touristique de courte durée - Zone de restauration",12,16919,2271279
"0 - année de référence","Hébergement touristique","Résidences de tourisme et villages ou clubs de vacances","Résidence de tourisme, ERP, 2 étoiles - Appartements et services (hors restauration)",12,50253,7470409
"0 - année de référence","Hébergement touristique","Résidences de tourisme et villages ou clubs de vacances","Résidence de tourisme, ERP, 3 étoiles - Appartements et services (hors restauration)",60,299868,45202448
"0 - année de référence","Hébergement touristique","Résidences de tourisme et villages ou clubs de vacances","Résidence de tourisme, ERP, 4 étoiles - Appartements et services (hors restauration)",26,173837,53078923
"0 - année de référence","Hébergement touristique","Résidences de tourisme et villages ou clubs de vacances","Résidences de tourisme, ERP, 1 étoile et non classé - Appartements et services (hors restauration)",15,44808,7320804
"0 - année de référence","Hébergement touristique","Résidences de tourisme et villages ou clubs de vacances","Résidences de tourisme, village ou club de vacances, ERP - Administration et bureaux (bureaux standard)",16,90569,15560872
"0 - année de référence","Hébergement touristique","Résidences de tourisme et villages ou clubs de vacances","Résidences de tourisme, village ou club de vacances, ERP - Piscine intérieure",16,80612,61375675
"0 - année de référence","Hébergement touristique","Résidences de tourisme et villages ou clubs de vacances","Résidences de tourisme, village ou club de vacances, ERP - Sauna et Hammam",4,2449,1692039
"0 - année de référence","Hébergement touristique","Résidences de tourisme et villages ou clubs de vacances","Résidences de tourisme, village ou club de vacances, ERP - Valeur par défaut",191,1107847,175153470
"0 - année de référence","Hébergement touristique","Résidences de tourisme et villages ou clubs de vacances","Village ou club de vacances, ERP, 1 étoile et non classé - Chambres et services (hors restauration)",9,23526,3386544
"0 - année de référence","Hébergement touristique","Résidences de tourisme et villages ou clubs de vacances","Village ou club de vacances, ERP, 2 étoiles - Chambres et services (hors restauration)",3,8618,1559143
"0 - année de référence","Hébergement touristique","Résidences de tourisme et villages ou clubs de vacances","Village ou club de vacances, ERP, 3 étoiles - Chambres et services (hors restauration)",35,211614,35153511
"0 - année de référence","Hébergement touristique","Résidences de tourisme et villages ou clubs de vacances","Village ou club de vacances, ERP, 4 étoiles - Chambres et services (hors restauration)",5,23817,4232840
"0 - année de référence","Hébergement touristique","Terrain de camping et parcs pour caravanes ou véhicules de loisirs","Terrain de camping - Administration et bureaux (Bureaux Standards)",3,4192,879088
"0 - année de référence","Hébergement touristique","Terrain de camping et parcs pour caravanes ou véhicules de loisirs","Terrain de camping - Blocs sanitaires",7,2917,942874
"0 - année de référence","Hébergement touristique","Terrain de camping et parcs pour caravanes ou véhicules de loisirs","Terrain de camping - Valeur par défaut",11,20143,3877852
"0 - année de référence","Hôtels","Hôtellerie","Hôtel - Administration et bureaux (bureaux standards)",15,52699,10802020
"0 - année de référence","Hôtels","Hôtellerie","Hôtel - Piscine extérieure chauffée",6,22074,4245897
"0 - année de référence","Hôtels","Hôtellerie","Hôtel - Piscine intérieure",10,38953,15502191
"0 - année de référence","Hôtels","Hôtellerie","Hôtel - Sauna et Hammam",7,25546,7574800
"0 - année de référence","Hôtels","Hôtellerie","Hôtel - Valeur par défaut",942,2994155,692071109
"0 - année de référence","Hôtels","Hôtellerie","Hôtel 1 étoile et non classé - Chambres et services",204,314143,68750101
"0 - année de référence","Hôtels","Hôtellerie","Hôtel 2 étoiles - Chambres et services",479,924354,162652789
"0 - année de référence","Hôtels","Hôtellerie","Hôtel 3 étoiles - Chambres et services",1026,2598451,531519787
"0 - année de référence","Hôtels","Hôtellerie","Hôtel 4 étoiles- Chambres et services",658,3168941,795932305
"0 - année de référence","Hôtels","Hôtellerie","Hôtel 5 étoiles et plus - Chambres et services",149,1107370,359134904
"0 - année de référence","Imprimerie","Imprimerie et reprographie","Imprimerie et reprographie - Administration et bureaux (Bureaux Standards)",19,34146,3488903
"0 - année de référence","Imprimerie","Imprimerie et reprographie","Imprimerie et reprographie - Atelier d'imprimerie numérique",33,89946,26602832
"0 - année de référence","Imprimerie","Imprimerie et reprographie","Imprimerie et reprographie - Atelier d'imprimerie offset",21,75329,35092475
"0 - année de référence","Imprimerie","Imprimerie et reprographie","Imprimerie et reprographie - Local de stockage de matières premières et produits finis",12,46927,15834569
"0 - année de référence","Imprimerie","Imprimerie et reprographie","Imprimerie et reprographie - Valeur par défaut",26,41714,11621851
"0 - année de référence","Justice","Justice - Etablissements pénitentiaires","Etablissements pénitentiaires - Locaux hors zone de détention",18,256877,85694717
"0 - année de référence","Justice","Justice - Etablissements pénitentiaires","Etablissements pénitentiaires - Valeur par défaut",3,21804,6245317
"0 - année de référence","Justice","Justice - Etablissements pénitentiaires","Etablissements pénitentiaires - Zone de détention",21,252715,78355613
"0 - année de référence","Justice","Justice - Protection Judiciaire de la Jeunesse","Protection Judiciaire de la Jeunesse - Hébergement des mineurs",16,48309,10757972
"0 - année de référence","Justice","Justice - Protection Judiciaire de la Jeunesse","Protection Judiciaire de la Jeunesse - Valeur par défaut",10,23202,4050286
"0 - année de référence","Justice","Justice - Tribunaux","Tribunaux - Administration et bureaux (Bureaux standards)",178,662579,105676189
"0 - année de référence","Justice","Justice - Tribunaux","Tribunaux - Valeur par défaut",16,138461,20364993
"0 - année de référence","Laboratoires","Laboratoires (hors périmètre médical : étalonnage, suivi écologique…)","Laboratoire - Administration et bureaux (Bureaux Standards)",51,128221,52218572
"0 - année de référence","Laboratoires","Laboratoires (hors périmètre médical : étalonnage, suivi écologique…)","Laboratoire - Valeur par défaut",86,251064,113665233
"0 - année de référence","Laboratoires","Laboratoires (hors périmètre médical : étalonnage, suivi écologique…)","Laboratoire - Zone laboratoire",57,399364,144546940
"0 - année de référence","Local vacant","Local vacant","Local vacant",234,754716,92420465
"0 - année de référence","Logistique","Logistique","Entrepôt ou messagerie sans besoin de maintien en température du produit (avec ou sans maintien hors-gel des locaux)",5576,40012747,4125652604
"0 - année de référence","Logistique","Logistique","Entrepôt à température ambiante (évolution libre entre +12°C et +26°C) ou avec maintien hors-gel pour les besoins du produit",351,3393811,330868073
"0 - année de référence","Logistique","Logistique","Logistique - Administration et bureaux (bureaux standards)",663,2844496,355608537
"0 - année de référence","Logistique","Logistique","Logistique - Valeur par défaut",1439,10266635,1023439963
"0 - année de référence","Logistique","Logistique","Logistique de froid négatif (Référence -18°C)",183,1009678,402527182
"0 - année de référence","Logistique","Logistique","Logistique ou messagerie température dirigée +12 à +17°C - produits frais (référence à +15°C)",207,1630951,248898314
"0 - année de référence","Logistique","Logistique","Logistique ou messagerie température dirigée froid positif +1 à +8°C - produits frais (référence à +3°C)",333,2427667,636666921
"0 - année de référence","Nuit & Loisirs","Etablissement de nuit et de loisirs","Etablissement de nuit et de loisirs - Administration et bureaux (Bureaux Standards)",25,79401,29668050
"0 - année de référence","Nuit & Loisirs","Etablissement de nuit et de loisirs","Etablissement de nuit et de loisirs - Bowling",28,68145,9578398
"0 - année de référence","Nuit & Loisirs","Etablissement de nuit et de loisirs","Etablissement de nuit et de loisirs - Casino",88,271189,138103997
"0 - année de référence","Nuit & Loisirs","Etablissement de nuit et de loisirs","Etablissement de nuit et de loisirs - Discothèque",12,16096,1728265
"0 - année de référence","Nuit & Loisirs","Etablissement de nuit et de loisirs","Etablissement de nuit et de loisirs - Escape Game",9,2897,488962
"0 - année de référence","Nuit & Loisirs","Etablissement de nuit et de loisirs","Etablissement de nuit et de loisirs - Espace Aqua ludique",12,35797,26566159
"0 - année de référence","Nuit & Loisirs","Etablissement de nuit et de loisirs","Etablissement de nuit et de loisirs - Espace récréatif pour enfants",125,172648,22180689
"0 - année de référence","Nuit & Loisirs","Etablissement de nuit et de loisirs","Etablissement de nuit et de loisirs - Valeur par défaut",148,260939,72017896
"0 - année de référence","Parc à thèmes","Parc d'attractions et parc à thèmes","Parc d'attractions et parc à thèmes - Administration et bureaux (Bureaux Standards)",8,24352,8666001
"0 - année de référence","Parc à thèmes","Parc d'attractions et parc à thèmes","Parc d'attractions et parc à thèmes - Valeur par défaut",108,381757,206312125
"0 - année de référence","Parties communes CC","Parties communes des centres commerciaux et des galeries commerciales","C Commercial et G Commerciale (Valeur par défaut)",307,971305,237761748
"0 - année de référence","Parties communes CC","Parties communes des centres commerciaux et des galeries commerciales","C Commercial et G Commerciale - Administration et bureaux",10,16694,3370867
"0 - année de référence","Parties communes CC","Parties communes des centres commerciaux et des galeries commerciales","C Commercial et G Commerciale - Zones accessibles au public",421,1275152,355760717
"0 - année de référence","Parties communes CC","Parties communes des centres commerciaux et des galeries commerciales","C Commercial et G Commerciale - Zones techniques Commerces",22,18085,5319684
"0 - année de référence","Restauration","Restauration - Débit de boissons","Bar et café (sans restauration)",38,40740,12457867
"0 - année de référence","Restauration","Restauration - Débit de boissons","Cafétéria (service de boissons chaudes, sandwiches et plats à réchauffer au micro-ondes)",111,109725,51345809
"0 - année de référence","Restauration","Restauration - Débit de boissons","Restaurant gastronomique",22,40590,15399916
"0 - année de référence","Restauration","Restauration - Débit de boissons","Restaurant traditionnel ou Brasserie",383,224887,122419449
"0 - année de référence","Restauration","Restauration - Débit de boissons","Restauration - Valeur par défaut",410,383169,183990727
"0 - année de référence","Restauration","Restauration - Débit de boissons","Restauration collective - Cuisine centrale",64,109397,46976703
"0 - année de référence","Restauration","Restauration - Débit de boissons","Restauration collective avec services - Restauration inter-entreprises",102,164196,51533960
"0 - année de référence","Restauration","Restauration - Débit de boissons","Restauration collective scolaire et universitaire",487,531561,132461593
"0 - année de référence","Restauration","Restauration - Débit de boissons","Restauration en service continu en libre-service (avec plateaux) - Self",3,1315,771385
"0 - année de référence","Restauration","Restauration - Débit de boissons","Restauration et débit de boissons - Réserve - Température ambiante",13,20017,16229572
"0 - année de référence","Restauration","Restauration - Débit de boissons","Restauration et débits de boisson - Réserve et/ou meubles froid positif",8,14078,10877731
"0 - année de référence","Restauration","Restauration - Débit de boissons","Restauration et débits de boissons - Administration et bureaux (bureaux standard)",29,49177,14556434
"0 - année de référence","Restauration","Restauration - Débit de boissons","Restauration rapide commerciale continue (Burger - Salade - Kebab, …)",748,294238,300363340
"0 - année de référence","Restauration","Restauration - Débit de boissons","Restauration rapide debout (Sandwicherie)",33,8906,3538987
"0 - année de référence","Restauration","Restauration - Débit de boissons","Restauration sans service à la place (vente emportée ou livrée)",20,11840,3164750
"0 - année de référence","Santé","Santé - Centres Hospitaliers","Centres Hospitaliers - Administration non intégrée dans un service de soins (Bureaux Standards)",178,3920105,1258337584
"0 - année de référence","Santé","Santé - Centres Hospitaliers","Centres Hospitaliers - Blanchisserie",9,61344,56843357
"0 - année de référence","Santé","Santé - Centres Hospitaliers","Centres Hospitaliers - Blocs opératoires (blocs opératoires programmés et blocs opératoires d'urgence)",15,252698,80799745
"0 - année de référence","Santé","Santé - Centres Hospitaliers","Centres Hospitaliers - Consultation",292,1634591,482735068
"0 - année de référence","Santé","Santé - Centres Hospitaliers","Centres Hospitaliers - Hospitalisation ambulatoire",89,210506,63339107
"0 - année de référence","Santé","Santé - Centres Hospitaliers","Centres Hospitaliers - Hospitalisation conventionnelle",498,10907581,3431355536
"0 - année de référence","Santé","Santé - Centres Hospitaliers","Centres Hospitaliers - Imageries médicales (mammographie, tomographie, échographie, radiographie, IRM…)",26,15706,7197509
"0 - année de référence","Santé","Santé - Centres Hospitaliers","Centres Hospitaliers - Laboratoires classés P2, P3, P4",3,7565,4888518
"0 - année de référence","Santé","Santé - Centres Hospitaliers","Centres Hospitaliers - Laboratoires courants",26,52569,18828248
"0 - année de référence","Santé","Santé - Centres Hospitaliers","Centres Hospitaliers - Restauration collective - Cuisine centrale (plateau repas)",13,43187,22998927
"0 - année de référence","Santé","Santé - Centres Hospitaliers","Centres Hospitaliers - Restauration collective avec services - Restauration collective inter-entreprises",3,1910,449269
"0 - année de référence","Santé","Santé - Centres Hospitaliers","Centres Hospitaliers - Rééducation fonctionnelle - Kinésithérapie (SSR, thermothérapie, massages…)",116,1096844,289165981
"0 - année de référence","Santé","Santé - Centres Hospitaliers","Centres Hospitaliers - Salles blanches (pharmacie, chimiothérapie, dialyse, oxygénothérapie, prélèvements d'organes…)",3,2995,604368
"0 - année de référence","Santé","Santé - Centres Hospitaliers","Centres Hospitaliers - Valeur par défaut",868,16756914,4804958011
"0 - année de référence","Santé","Santé - Centres Hospitaliers","Centres Hospitaliers - Zone accueil public",39,508086,155505121
"0 - année de référence","Santé","Santé - Centres Hospitaliers","Etablissement d'hébergement pour personnes âgées dépendantes (EHPAD) - Zones de vie",16,381833,101376490
"0 - année de référence","Santé","Santé - Centres Hospitaliers","Local vacant",6,245388,64103237
"0 - année de référence","Santé","Santé - Etablissements médico-sociaux","Centre médical (Maison médicale - Protection Maternelle et Infantile)",96,109126,17685814
"0 - année de référence","Santé","Santé - Etablissements médico-sociaux","Centre médical spécialisé pour enfants et adolescents (CAMSP - CMPP)",67,132491,22104014
"0 - année de référence","Santé","Santé - Etablissements médico-sociaux","Entrepôt ou messagerie sans besoin de maintien en température du produit (avec ou sans maintien hors-gel des locaux)",3,14020,3125717
"0 - année de référence","Santé","Santé - Etablissements médico-sociaux","Etablissement d'hébergement pour personnes âgées dépendantes (EHPAD) - Zones de vie",2569,12554694,2511438937
"0 - année de référence","Santé","Santé - Etablissements médico-sociaux","Etablissement d'hébergement social ou médico-social de mineurs en difficultés (MECS) - Zones de vie",216,524838,104305843
"0 - année de référence","Santé","Santé - Etablissements médico-sociaux","Etablissement de Balnéothérapie - Bassins et piscines (dont vestiaires et douches)",4,16134,11100486
"0 - année de référence","Santé","Santé - Etablissements médico-sociaux","Etablissement de prise en charge pour les enfants et adolescents (IEM - EEAP - IME - IDA - IDV - ITEP) - Zones de vie",611,2058444,362921443
"0 - année de référence","Santé","Santé - Etablissements médico-sociaux","Etablissement médicalisé d'hébergement permanent pour adultes dépendants (MAS - FAM/EAM) - Zones de vie",717,2411351,487273188
"0 - année de référence","Santé","Santé - Etablissements médico-sociaux","Etablissement médico-social - Administration et bureaux (bureaux standards)",306,610990,112892726
"0 - année de référence","Santé","Santé - Etablissements médico-sociaux","Etablissement médico-social - Laverie",51,262964,81044023
"0 - année de référence","Santé","Santé - Etablissements médico-sociaux","Etablissement médico-social - Restauration collective avec services",25,111138,27916300
"0 - année de référence","Santé","Santé - Etablissements médico-sociaux","Etablissements médico-sociaux - Valeur par défaut",2213,8306758,1622614559
"0 - année de référence","Santé","Santé - Santé libérale","Santé libérale - Administration et bureaux (Bureaux Standards)",56,40555,6446205
"0 - année de référence","Santé","Santé - Santé libérale","Santé libérale - Imagerie médicale",23,15202,4060415
"0 - année de référence","Santé","Santé - Santé libérale","Santé libérale - Kinésithérapie, Rééducation fonctionnelle (y compris accueil et salle d'attente associés)",43,40166,11843859
"0 - année de référence","Santé","Santé - Santé libérale","Santé libérale - Laboratoire médical (y compris accueil et salle d'attente associés)",47,35232,10231575
"0 - année de référence","Santé","Santé - Santé libérale","Santé libérale - Ophtalmologie (y compris accueil et salle d'attente associés)",15,6636,779418
"0 - année de référence","Santé","Santé - Santé libérale","Santé libérale - Prestations dentaires (y compris accueil et salle d'attente associés)",54,15738,2800080
"0 - année de référence","Santé","Santé - Santé libérale","Santé libérale - Valeur par défaut",181,97741,19553834
"0 - année de référence","Serveurs & IT","Salles serveurs et centres d'exploitation informatique","Grand Data Center (surface de salle IT comprise entre 5 000 m² à 10 000 m²)",11,93511,271905816
"0 - année de référence","Serveurs & IT","Salles serveurs et centres d'exploitation informatique","Mini Data Center (surface de salle IT comprise entre 100 et 500 m²)",22,10196,26171005
"0 - année de référence","Serveurs & IT","Salles serveurs et centres d'exploitation informatique","Moyen Data Center (surface de salle IT comprise entre 1 000 m² à 5 000 m²)",74,230188,459511227
"0 - année de référence","Serveurs & IT","Salles serveurs et centres d'exploitation informatique","Petit Data Center (surface de salle IT comprise entre 500 et 1 000 m²)",35,55632,132432721
"0 - année de référence","Serveurs & IT","Salles serveurs et centres d'exploitation informatique","Salle serveur & Data Center - Valeur par défaut",4,18970,20506084
"0 - année de référence","Serveurs & IT","Salles serveurs et centres d'exploitation informatique","Salle serveurs (surface de salle IT comprise entre 20 et 100 m²)",9,12467,15878286
"0 - année de référence","Serveurs & IT","Salles serveurs et centres d'exploitation informatique","Très grand Data Center (surface de salle IT supérieure à 10 000 m²)",12,198494,405659741
"0 - année de référence","Stationnement","Stationnement","Stationnement - Station-service (en infra ou superstructure)",8,62161,3895748
"0 - année de référence","Stationnement","Stationnement","Stationnement - Valeur par défaut",254,2305066,80970777
"0 - année de référence","Stationnement","Stationnement","Stationnement en infrastructure (Sous-sol en ventilation mécanique)",680,8961401,373076139
"0 - année de référence","Stationnement","Stationnement","Stationnement en superstructure (Silo en ventilation naturelle, Parc de stationnement largement ventilé)",162,2686589,127055470
"0 - année de référence","Transport","Transport aérien de voyageurs - Site aéroporturaire","Transport aérien de voyageurs - Administration et bureaux (Bureaux Standards)",116,279149,48774764
"0 - année de référence","Transport","Transport aérien de voyageurs - Site aéroporturaire","Transport aérien de voyageurs - Hangars de maintenance aéronautique",42,279371,57511441
"0 - année de référence","Transport","Transport aérien de voyageurs - Site aéroporturaire","Transport aérien de voyageurs - Valeur par défaut",22,66636,12141620
"0 - année de référence","Transport","Transport aérien de voyageurs - Site aéroporturaire","Transport aérien de voyageurs - Zones passagers et parties communes de la zone commerciale",81,1297566,392559639
"0 - année de référence","Transport","Transport ferroviaire et guidé de voyageurs","Transport ferroviaire et guidé de voyageurs - Ateliers de maintenance du matériel roulant - N 1 à 3",34,292385,50337781
"0 - année de référence","Transport","Transport ferroviaire et guidé de voyageurs","Transport ferroviaire et guidé de voyageurs - Ateliers de maintenance du matériel roulant - N 1 à 4",9,88369,19539889
"0 - année de référence","Transport","Transport ferroviaire et guidé de voyageurs","Transport ferroviaire et guidé de voyageurs - Valeur par défaut",2324,4709094,988909538
"0 - année de référence","Transport","Transport ferroviaire et guidé de voyageurs","Transport ferroviaire et guidé de voyageurs - Zones Voyageurs aériennes",25,241288,31508370
"0 - année de référence","Transport","Transport ferroviaire et guidé de voyageurs","Transport ferroviaire et guidé de voyageurs - Zones de remisage couvertes",34,277152,36983559
"0 - année de référence","Transport","Transport maritime ou fluvial de voyageurs","Gare maritime ou fluviale (Valeur par défaut)",6,10411,1413843
"0 - année de référence","Transport","Transport maritime ou fluvial de voyageurs","Gare maritime ou fluviale - Zone d'embarquement ou débarquement des passagers",3,7855,1231297
"0 - année de référence","Transport","Transport routier de voyageurs","Gare routière (Valeur par défaut)",10,37325,3837670
"0 - année de référence","Transport","Transport routier de voyageurs","Transport routier de voyageurs - Administration et bureaux (Bureaux Standards)",38,104782,19025529
"0 - année de référence","Transport","Transport routier de voyageurs","Transport routier de voyageurs - Ateliers de maintenance",64,231472,55619730
"0 - année de référence","Vente véhicules et engins","Vente et services engins nautiques et de plaisance","Vente et services engins nautiques et de plaisance - Administration et bureaux (Bureaux Standards)",12,21443,3455868
"0 - année de référence","Vente véhicules et engins","Vente et services engins nautiques et de plaisance","Vente et services engins nautiques et de plaisance - Magasin de stockage de pièces",3,5680,312068
"0 - année de référence","Vente véhicules et engins","Vente et services engins nautiques et de plaisance","Vente et services engins nautiques et de plaisance - Valeur par défaut",8,6908,660827
"0 - année de référence","Vente véhicules et engins","Vente et services engins nautiques et de plaisance","Vente et services engins nautiques et de plaisance - Vente et exposition des unités",7,10644,1358833
"0 - année de référence","Vente véhicules et engins","Vente et services engins nautiques et de plaisance","Vente et services engins nautiques et de plaisance - Zones atelier",16,29685,3200105
"0 - année de référence","Vente véhicules et engins","Vente et services motocycle","Vente et services motocycles - Magasin de stockage de pièces",5,3965,185807
"0 - année de référence","Vente véhicules et engins","Vente et services motocycle","Vente et services motocycles - Valeur par défaut",15,12764,1260976
"0 - année de référence","Vente véhicules et engins","Vente et services motocycle","Vente et services motocycles - Vente et exposition de motocycles",17,17286,2192978
"0 - année de référence","Vente véhicules et engins","Vente et services motocycle","Vente et services motocycles - Zones atelier",3,2785,271334
"0 - année de référence","Vente véhicules et engins","Vente et services véhicules légers","Stationnement en infrastructure (Sous-sol en ventilation mécanique)",3,20212,3506995
"0 - année de référence","Vente véhicules et engins","Vente et services véhicules légers","Vente et services véhicules légers - Administration et bureaux (Bureaux Standards)",53,76632,11287008
"0 - année de référence","Vente véhicules et engins","Vente et services véhicules légers","Vente et services véhicules légers - Magasin de stockage de pièces",91,197545,21100541
"0 - année de référence","Vente véhicules et engins","Vente et services véhicules légers","Vente et services véhicules légers - Valeur par défaut",1694,4718261,801737873
"0 - année de référence","Vente véhicules et engins","Vente et services véhicules légers","Vente et services véhicules légers - Vente et exposition des véhicules",291,559546,76437126
"0 - année de référence","Vente véhicules et engins","Vente et services véhicules légers","Vente et services véhicules légers - Zones atelier",905,2172311,351625790
"0 - année de référence","Vente véhicules et engins","Vente et services véhicules utilitaires et véhicules industriels","Stationnement en superstructure (Silo en ventilation naturelle, Parc de stationnement largement ventilé)",3,12967,577345
"0 - année de référence","Vente véhicules et engins","Vente et services véhicules utilitaires et véhicules industriels","Vente et services véhicules utilitaires et véhicules industriels - Administration et bureaux (Bureaux Standards)",40,106731,11962934
"0 - année de référence","Vente véhicules et engins","Vente et services véhicules utilitaires et véhicules industriels","Vente et services véhicules utilitaires et véhicules industriels - Magasin de stockage de pièces",84,244139,24537189
"0 - année de référence","Vente véhicules et engins","Vente et services véhicules utilitaires et véhicules industriels","Vente et services véhicules utilitaires et véhicules industriels - Valeur par défaut",460,1040370,123944141
"0 - année de référence","Vente véhicules et engins","Vente et services véhicules utilitaires et véhicules industriels","Vente et services véhicules utilitaires et véhicules industriels - Vente et exposition des véhicules",29,63314,4727191
"0 - année de référence","Vente véhicules et engins","Vente et services véhicules utilitaires et véhicules industriels","Vente et services véhicules utilitaires et véhicules industriels - Zones atelier",994,2175003,253068711
"2020","Accueil petite enfance","Accueil petite enfance","Accueil petite enfance - Administration et bureaux (Bureaux Standards)",51,75530,6825108
"2020","Accueil petite enfance","Accueil petite enfance","Accueil petite enfance - Crèche",970,851928,110238781
"2020","Accueil petite enfance","Accueil petite enfance","Accueil petite enfance - Halte garderie",244,196059,21004053
"2020","Accueil petite enfance","Accueil petite enfance","Accueil petite enfance - Valeur par défaut",515,618582,68134128
"2020","Audiovisuel","Audiovisuel - Radio","Radio (Valeur par défaut)",41,15098,1871951
"2020","Audiovisuel","Audiovisuel - Radio","Radio - Administration et rédaction",29,30394,5647222
"2020","Audiovisuel","Audiovisuel - Télévision et production cinéma","Télévision et production cinéma - Administration et rédaction",24,110330,36002307
"2020","Audiovisuel","Audiovisuel - Télévision et production cinéma","Télévision et production cinéma - Studio d'enregistrement et de diffusion d'émissions télévisées",43,107972,15442886
"2020","Audiovisuel","Audiovisuel - Télévision et production cinéma","Télévision et production cinéma - Valeur par défaut",46,149133,37772205
"2020","Blanchisserie","Blanchisserie dite """"industrielle""""","Blanchisserie industrielle - Lavage, Séchage et Finition",61,79403,53199859
"2020","Blanchisserie","Blanchisserie dite """"industrielle""""","Blanchisserie industrielle - Stockage & Chargement",8,44909,25415519
"2020","Blanchisserie","Blanchisserie dite """"industrielle""""","Blanchisserie industrielle - Valeur par défaut",188,752379,624671232
"2020","Bureaux","Bureaux - Services Publics - Banque","Banque - Distributeur automatique de billets indépendant",7,952,80204
"2020","Bureaux","Bureaux - Services Publics - Banque","Banque - Zone guichets accueil personnalisé",238,114340,14941186
"2020","Bureaux","Bureaux - Services Publics - Banque","Banque - Zone guichets automatiques",3,349,45537
"2020","Bureaux","Bureaux - Services Publics - Banque","Bibliothèque, médiathèque et service d'archives - ERP - Salle de lecture, d'exposition, de conférences, hall d'accueil",4,5622,620616
"2020","Bureaux","Bureaux - Services Publics - Banque","Bureaux (Valeur par défaut)",12911,21783100,2593812869
"2020","Bureaux","Bureaux - Services Publics - Banque","Bureaux - Autres activités de services",1153,2378513,313955716
"2020","Bureaux","Bureaux - Services Publics - Banque","Bureaux - Bureaux standards",21204,46675482,6503985179
"2020","Bureaux","Bureaux - Services Publics - Banque","Bureaux - Centre Documentaire",39,94071,10453310
"2020","Bureaux","Bureaux - Services Publics - Banque","Bureaux - Espace Co-Working",146,363178,41871959
"2020","Bureaux","Bureaux - Services Publics - Banque","Bureaux - Flex Office",366,1656048,234211250
"2020","Bureaux","Bureaux - Services Publics - Banque","Bureaux - Grande salle de réunion - Auditorium - Amphithéâtre (à partir de 30 places)",403,580173,64847132
"2020","Bureaux","Bureaux - Services Publics - Banque","Bureaux - Open Space",3529,11456494,1706208820
"2020","Bureaux","Bureaux - Services Publics - Banque","Bureaux - Salle Haute Intensité - Centre d'appel",73,160311,23151391
"2020","Bureaux","Bureaux - Services Publics - Banque","Bureaux - Salle Haute Intensité - Salle de marché",10,50521,17712642
"2020","Bureaux","Bureaux - Services Publics - Banque","Bureaux - Zone Accueil Public",865,1062983,125920714
"2020","Bureaux","Bureaux - Services Publics - Banque","Bureaux - Zone archive sans contrainte hygrothermique",128,310614,36220412
"2020","Bureaux","Bureaux - Services Publics - Banque","Enseignement Primaire - Salles d'enseignement Elémentaire",7,5148,855593
"2020","Bureaux","Bureaux - Services Publics - Banque","Enseignement Primaire - Salles d'enseignement Maternelle",4,8420,894921
"2020","Bureaux","Bureaux - Services Publics - Banque","Enseignement Primaire - Salles multi activité et Périscolaire",4,8988,1012506
"2020","Bureaux","Bureaux - Services Publics - Banque","Entrepôt ou messagerie sans besoin de maintien en température du produit (avec ou sans maintien hors-gel des locaux)",51,228328,31805777
"2020","Bureaux","Bureaux - Services Publics - Banque","Entrepôt à température ambiante (évolution libre entre +12°C et +26°C) ou avec maintien hors-gel pour les besoins du produit",3,7125,627626
"2020","Bureaux","Bureaux - Services Publics - Banque","Local vacant",6,21028,1252569
"2020","Bureaux","Bureaux - Services Publics - Banque","Logistique - Administration et bureaux (bureaux standards)",8,95745,17192921
"2020","Bureaux","Bureaux - Services Publics - Banque","Musée ou centre d'art sans protection patrimoniale - Salle d'exposition (tout type de traitement d'air)",5,11603,2101626
"2020","Bureaux","Bureaux - Services Publics - Banque","Restauration collective avec services - Restauration inter-entreprises",4,13768,3979135
"2020","Bureaux","Bureaux - Services Publics - Banque","Salle de spectacles vivants sans protection patrimoniale - Salle de spectacle et de répétition",7,21051,1819041
"2020","Bureaux","Bureaux - Services Publics - Banque","Stationnement en infrastructure (Sous-sol en ventilation mécanique)",29,441630,41438666
"2020","Bureaux","Bureaux - Services Publics - Banque","Stationnement en superstructure (Silo en ventilation naturelle, Parc de stationnement largement ventilé)",6,46597,2657951
"2020","Commerce alimentaire","Commerce - Grande Surface Alimentaire - Grand supermarché (surface de vente comprise entre 1 000 m² et 2 500 m²)","Grand supermarché (Valeur par défaut)",3541,7232313,2351524727
"2020","Commerce alimentaire","Commerce - Grande Surface Alimentaire - Grand supermarché (surface de vente comprise entre 1 000 m² et 2 500 m²)","Grand supermarché - Administration et bureaux",3,9721,3369547
"2020","Commerce alimentaire","Commerce - Grande Surface Alimentaire - Grand supermarché (surface de vente comprise entre 1 000 m² et 2 500 m²)","Grand supermarché - Réserve et Drive Froid négatif",3,6848,1637788
"2020","Commerce alimentaire","Commerce - Grande Surface Alimentaire - Grand supermarché (surface de vente comprise entre 1 000 m² et 2 500 m²)","Grand supermarché - Réserve et Drive température ambiante",42,103531,30058411
"2020","Commerce alimentaire","Commerce - Grande Surface Alimentaire - Grand supermarché (surface de vente comprise entre 1 000 m² et 2 500 m²)","Grand supermarché - Zone de préparation en température dirigée froid positif",3,6760,3293952
"2020","Commerce alimentaire","Commerce - Grande Surface Alimentaire - Grand supermarché (surface de vente comprise entre 1 000 m² et 2 500 m²)","Grand supermarché - Zone de vente - Textile, bazar, maison et bricolage",5,11502,4571565
"2020","Commerce alimentaire","Commerce - Grande Surface Alimentaire - Grand supermarché (surface de vente comprise entre 1 000 m² et 2 500 m²)","Grand supermarché - Zone de vente Produits de grande consommation (épicerie, boissons, produits d'entretien de la personne et de la maison)",286,763836,246677034
"2020","Commerce alimentaire","Commerce - Grande Surface Alimentaire - Grand supermarché (surface de vente comprise entre 1 000 m² et 2 500 m²)","Grand supermarché - Zone de vente Produits frais et surgelés - Froid positif et négatif",174,458945,139939691
"2020","Commerce alimentaire","Commerce - Grande Surface Alimentaire - Grand supermarché (surface de vente comprise entre 1 000 m² et 2 500 m²)","Grand supermarché - Zone de vente primeur",9,21244,8897573
"2020","Commerce alimentaire","Commerce - Grande Surface Alimentaire - Hypermarché (surface de vente supérieure à 2 500 m²)","Hypermarché (Valeur par défaut)",1930,17198406,4861119802
"2020","Commerce alimentaire","Commerce - Grande Surface Alimentaire - Hypermarché (surface de vente supérieure à 2 500 m²)","Hypermarché - Administration et bureaux",5,52332,11479457
"2020","Commerce alimentaire","Commerce - Grande Surface Alimentaire - Hypermarché (surface de vente supérieure à 2 500 m²)","Hypermarché - Réserve et Drive Froid positif",3,10719,2183719
"2020","Commerce alimentaire","Commerce - Grande Surface Alimentaire - Hypermarché (surface de vente supérieure à 2 500 m²)","Hypermarché - Réserve et Drive température ambiante",123,1392866,306227427
"2020","Commerce alimentaire","Commerce - Grande Surface Alimentaire - Hypermarché (surface de vente supérieure à 2 500 m²)","Hypermarché - Station service",3,82872,12236769
"2020","Commerce alimentaire","Commerce - Grande Surface Alimentaire - Hypermarché (surface de vente supérieure à 2 500 m²)","Hypermarché - Zone de vente - Textile, bazar, maison et bricolage",10,56969,17993489
"2020","Commerce alimentaire","Commerce - Grande Surface Alimentaire - Hypermarché (surface de vente supérieure à 2 500 m²)","Hypermarché - Zone de vente Produits de grande consommation (épicerie, boissons, produits d'entretien de la personne et de la maison)",164,1257895,353582313
"2020","Commerce alimentaire","Commerce - Grande Surface Alimentaire - Hypermarché (surface de vente supérieure à 2 500 m²)","Hypermarché - Zone de vente Produits frais et surgelés - Froid positif et négatif",21,165686,36177608
"2020","Commerce alimentaire","Commerce - Grande Surface Alimentaire - Hypermarché (surface de vente supérieure à 2 500 m²)","Hypermarché - Zone de vente primeur",4,23318,7369367
"2020","Commerce alimentaire","Commerce - Grande Surface Alimentaire - Hypermarché (surface de vente supérieure à 2 500 m²)","Stationnement en infrastructure (Sous-sol en ventilation mécanique)",5,56259,9506218
"2020","Commerce alimentaire","Commerce - Grande Surface Alimentaire - Petit supermarché (surface de vente comprise entre 400 m² et 1 000 m²)","Petit supermarché (Valeur par défaut)",1260,1493134,448203610
"2020","Commerce alimentaire","Commerce - Grande Surface Alimentaire - Petit supermarché (surface de vente comprise entre 400 m² et 1 000 m²)","Petit supermarché - Administration et bureaux",5,4446,1646906
"2020","Commerce alimentaire","Commerce - Grande Surface Alimentaire - Petit supermarché (surface de vente comprise entre 400 m² et 1 000 m²)","Petit supermarché - Réserve et Drive température ambiante",10,12681,3192368
"2020","Commerce alimentaire","Commerce - Grande Surface Alimentaire - Petit supermarché (surface de vente comprise entre 400 m² et 1 000 m²)","Petit supermarché - Station service",10,12219,3157285
"2020","Commerce alimentaire","Commerce - Grande Surface Alimentaire - Petit supermarché (surface de vente comprise entre 400 m² et 1 000 m²)","Petit supermarché - Zone de vente - Textile, bazar, maison et bricolage",7,5956,923315
"2020","Commerce alimentaire","Commerce - Grande Surface Alimentaire - Petit supermarché (surface de vente comprise entre 400 m² et 1 000 m²)","Petit supermarché - Zone de vente Produits de grande consommation (épicerie, boissons, produits d'entretien de la personne et de la maison)",122,140697,49638578
"2020","Commerce alimentaire","Commerce - Grande Surface Alimentaire - Petit supermarché (surface de vente comprise entre 400 m² et 1 000 m²)","Petit supermarché - Zone de vente Produits frais et surgelés - Froid positif et négatif",25,22566,7805958
"2020","Commerce alimentaire","Commerce - Grande Surface Alimentaire - Petit supermarché (surface de vente comprise entre 400 m² et 1 000 m²)","Petit supermarché - Zone de vente primeur",13,13713,3798918
"2020","Commerce alimentaire","Commerce - Grande Surface Alimentaire - Supérette (surface de vente < 400 m²)","Supérette (Valeur par défaut)",63,18320,6246826
"2020","Commerce alimentaire","Commerce - Grande Surface Alimentaire - Supérette (surface de vente < 400 m²)","Supérette - Réserve et Drive Froid positif",24,3063,1115082
"2020","Commerce alimentaire","Commerce - Grande Surface Alimentaire - Supérette (surface de vente < 400 m²)","Supérette - Réserve et Drive température ambiante",6,2347,266865
"2020","Commerce alimentaire","Commerce - Grande Surface Alimentaire - Supérette (surface de vente < 400 m²)","Supérette - Zone de vente froid positif et négatif",84,31056,17350725
"2020","Commerce alimentaire","Commerce - Grande Surface Alimentaire - Supérette (surface de vente < 400 m²)","Supérette - Zone de vente hors froid",14,7741,2959475
"2020","Commerce alimentaire","Commerces et services de détail - Alimentaire","Commerces et service de détail - Alimentaire (Valeur par défaut)",447,81031,25485777
"2020","Commerce alimentaire","Commerces et services de détail - Alimentaire","Commerces et service de détail - Alimentaire - Administration et bureaux",12,4739,1230165
"2020","Commerce alimentaire","Commerces et services de détail - Alimentaire","Commerces et service de détail - Alimentaire - Réserve froid ambiante",11,11596,484790
"2020","Commerce alimentaire","Commerces et services de détail - Alimentaire","Commerces et service de détail - Alimentaire - Réserve froid négatif",5,1265,916348
"2020","Commerce alimentaire","Commerces et services de détail - Alimentaire","Commerces et service de détail - Alimentaire - Réserve froid positif",13,4050,959714
"2020","Commerce alimentaire","Commerces et services de détail - Alimentaire","Commerces et service de détail - Boucherie, Charcuterie - Zone vente",41,9625,3321065
"2020","Commerce alimentaire","Commerces et services de détail - Alimentaire","Commerces et service de détail - Boulangerie, Pâtisserie - Zone vente",353,100071,79264467
"2020","Commerce alimentaire","Commerces et services de détail - Alimentaire","Commerces et service de détail - Chocolatier, Confiseur - Zone vente",118,21153,3235677
"2020","Commerce alimentaire","Commerces et services de détail - Alimentaire","Commerces et service de détail - Epicerie, Caviste - Zone vente",139,43093,6538227
"2020","Commerce alimentaire","Commerces et services de détail - Alimentaire","Commerces et service de détail - Fromagerie, Crèmerie - Zone vente",4,288,240822
"2020","Commerce alimentaire","Commerces et services de détail - Alimentaire","Commerces et service de détail - Primeurs - Zone vente",38,16904,5052334
"2020","Commerce alimentaire","Commerces et services de détail - Alimentaire","Commerces et service de détail - Surgelés - Zone vente",201,71763,32583580
"2020","Commerce alimentaire","Commerces et services de détail - Alimentaire","Commerces et service de détail - Traiteur - Zone vente",18,5303,612870
"2020","Commerce de gros","Commerce de gros","Commerce de gros (Valeur par défaut)",1674,3997147,423090017
"2020","Commerce de gros","Commerce de gros","Commerce de gros - Administration et bureaux",328,503396,44468049
"2020","Commerce de gros","Commerce de gros","Commerce de gros - Autres produits alimentaires - Zone en température dirigée",43,114198,14263079
"2020","Commerce de gros","Commerce de gros","Commerce de gros - Boucherie - Zone en température dirigée",7,7282,3892142
"2020","Commerce de gros","Commerce de gros","Commerce de gros - Charcuterie et salaison - Zone en température dirigée",3,9377,1503577
"2020","Commerce de gros","Commerce de gros","Commerce de gros - Crèmerie, Fromagerie - Zone en température dirigée",6,14380,2999167
"2020","Commerce de gros","Commerce de gros","Commerce de gros - Fleurs et végétaux - Zone en température dirigée",15,39587,8005866
"2020","Commerce de gros","Commerce de gros","Commerce de gros - Primeurs - Zone en température dirigée",58,163558,24501511
"2020","Commerce de gros","Commerce de gros","Commerce de gros - Produits de la mer - Zone en température dirigée",11,21022,6459094
"2020","Commerce de gros","Commerce de gros","Commerce de gros - Produits non périssables - Zone en température ambiante",961,2686877,174398113
"2020","Commerce de gros","Commerce de gros","Commerce de gros - Zone de présentation en température ambiante",321,659801,79587978
"2020","Commerce de gros","Commerce de gros","Entrepôt ou messagerie sans besoin de maintien en température du produit (avec ou sans maintien hors-gel des locaux)",8,18746,1486176
"2020","Commerce non alimentaire","Commerce - Grande Surface Spécialisée - Equipement automobile et Moto","GSS - Equipement automobile et moto (Valeur par défaut)",290,484009,47586306
"2020","Commerce non alimentaire","Commerce - Grande Surface Spécialisée - Equipement automobile et Moto","GSS - Zone ateliers - Equipement automobile et moto",85,346653,65141768
"2020","Commerce non alimentaire","Commerce - Grande Surface Spécialisée - Equipement automobile et Moto","GSS - Zone de réserve - Equipement automobile et moto",24,69549,4092815
"2020","Commerce non alimentaire","Commerce - Grande Surface Spécialisée - Equipement automobile et Moto","GSS - Zone de vente - Equipement automobile et moto",131,201679,18169057
"2020","Commerce non alimentaire","Commerce - Grande Surface Spécialisée - Equipement de la maison","Entrepôt ou messagerie sans besoin de maintien en température du produit (avec ou sans maintien hors-gel des locaux)",3,19218,631695
"2020","Commerce non alimentaire","Commerce - Grande Surface Spécialisée - Equipement de la maison","GSS - Administration et bureaux",3,4109,266554
"2020","Commerce non alimentaire","Commerce - Grande Surface Spécialisée - Equipement de la maison","GSS - Equipement de la maison (Valeur par défaut)",870,1943845,201375230
"2020","Commerce non alimentaire","Commerce - Grande Surface Spécialisée - Equipement de la maison","GSS - Zone de réserve Equipement de la maison - Température ambiante",71,289165,16758310
"2020","Commerce non alimentaire","Commerce - Grande Surface Spécialisée - Equipement de la maison","GSS - Zone de vente - Ameublement, Cuisines et Salles de bains, Art de la table",434,1696231,129831933
"2020","Commerce non alimentaire","Commerce - Grande Surface Spécialisée - Equipement de la maison","GSS - Zone de vente - Electroménager",241,958049,71241372
"2020","Commerce non alimentaire","Commerce - Grande Surface Spécialisée - Equipement de la maison","GSS - Zone de vente - Jardinerie",150,406014,42258327
"2020","Commerce non alimentaire","Commerce - Grande Surface Spécialisée - Equipement de la maison","GSS - Zone de vente - Luminaires",56,50875,3988499
"2020","Commerce non alimentaire","Commerce - Grande Surface Spécialisée - Equipement de la personne et loisirs","GSS - Administration et bureaux",9,45337,4791154
"2020","Commerce non alimentaire","Commerce - Grande Surface Spécialisée - Equipement de la personne et loisirs","GSS - Equipement de la personne et Loisirs (Valeur par défaut)",768,1376372,134766105
"2020","Commerce non alimentaire","Commerce - Grande Surface Spécialisée - Equipement de la personne et loisirs","GSS - Zone de réserve Equipement de la personne et loisirs - Température ambiante",14,22457,1565569
"2020","Commerce non alimentaire","Commerce - Grande Surface Spécialisée - Equipement de la personne et loisirs","GSS - Zone de vente - Culture, Média et Loisirs (Librairie, téléphonie, produits culturels et technologiques, jeux et loisirs)",432,711439,72838215
"2020","Commerce non alimentaire","Commerce - Grande Surface Spécialisée - Equipement de la personne et loisirs","GSS - Zone de vente - Equipement de la personne (Vêtements , Lingerie, Linge de maison, Chaussures, Maroquinerie et bagages)",801,1083814,137171412
"2020","Commerce non alimentaire","Commerce - Grande Surface Spécialisée - Equipement de la personne et loisirs","GSS - Zone de vente - Santé, Soins & Beauté (Pharmacie, Parapharmacie, Opticien, Beauté & bien être, Parfumerie…)",41,45927,6256542
"2020","Commerce non alimentaire","Commerce - Grande Surface Spécialisée - Equipement de la personne et loisirs","GSS - Zone de vente - Sports et Outdoor",157,333888,31956588
"2020","Commerce non alimentaire","Commerce - Grande Surface de Bricolage","GSB (Valeur par défaut)",1357,4650224,361349234
"2020","Commerce non alimentaire","Commerce - Grande Surface de Bricolage","GSB - Administration et bureaux",51,101145,5345673
"2020","Commerce non alimentaire","Commerce - Grande Surface de Bricolage","GSB - Atelier clients",10,21158,1569933
"2020","Commerce non alimentaire","Commerce - Grande Surface de Bricolage","GSB - Cours matériaux couverte (espace d'exposition éclairé et non chauffé)",218,949416,37126398
"2020","Commerce non alimentaire","Commerce - Grande Surface de Bricolage","GSB - Cours matériaux non couverte (extérieur - appoint éclairage)",104,853074,33038258
"2020","Commerce non alimentaire","Commerce - Grande Surface de Bricolage","GSB - Drive isolé",3,4365,194972
"2020","Commerce non alimentaire","Commerce - Grande Surface de Bricolage","GSB - Réserve température ambiante",1202,3714010,162558878
"2020","Commerce non alimentaire","Commerce - Grande Surface de Bricolage","GSB - Zone de vente non électro-intensif",1155,4786715,328264496
"2020","Commerce non alimentaire","Commerce - Grande Surface de Bricolage","GSB - Zone de vente électro-intensif (présentation luminaires)",41,165578,12258249
"2020","Commerce non alimentaire","Commerce - Grande Surface de Bricolage","GSB - Zone découpe matériau",6,20181,1714891
"2020","Commerce non alimentaire","Commerces et services de détail - Equipement de la maison","Commerces et service de détail - Ameublement - Zone vente",957,1036688,78925830
"2020","Commerce non alimentaire","Commerces et services de détail - Equipement de la maison","Commerces et service de détail - Animalerie - Zone vente",260,198254,21916491
"2020","Commerce non alimentaire","Commerces et services de détail - Equipement de la maison","Commerces et service de détail - Art de la table - Zone vente",20,6572,628406
"2020","Commerce non alimentaire","Commerces et services de détail - Equipement de la maison","Commerces et service de détail - Bricolage, Décoration - Zone vente",335,310157,26582668
"2020","Commerce non alimentaire","Commerces et services de détail - Equipement de la maison","Commerces et service de détail - Cuisine, Salles de bains - Zone vente",90,57292,4458226
"2020","Commerce non alimentaire","Commerces et services de détail - Equipement de la maison","Commerces et service de détail - Electroménager, Vidéo et HIFI - Zone vente",85,54678,3966099
"2020","Commerce non alimentaire","Commerces et services de détail - Equipement de la maison","Commerces et service de détail - Equipement de la maison (Valeur par défaut)",1098,1061216,72025777
"2020","Commerce non alimentaire","Commerces et services de détail - Equipement de la maison","Commerces et service de détail - Equipement de la maison - Administration et bureaux",66,56136,4537454
"2020","Commerce non alimentaire","Commerces et services de détail - Equipement de la maison","Commerces et service de détail - Equipement de la maison - Réserve d'approche",169,462753,53120648
"2020","Commerce non alimentaire","Commerces et services de détail - Equipement de la maison","Commerces et service de détail - Fleuriste - Zone vente",50,9283,1332703
"2020","Commerce non alimentaire","Commerces et services de détail - Equipement de la maison","Commerces et service de détail - Jardinerie - Zone vente",103,139639,16038825
"2020","Commerce non alimentaire","Commerces et services de détail - Equipement de la maison","Commerces et service de détail - Luminaire - Zone vente",4,1351,120520
"2020","Commerce non alimentaire","Commerces et services de détail - Equipement de la maison","Commerces et service de détail - Service et Réparation de produits et équipements - Accueil public et process",59,47786,2595114
"2020","Commerce non alimentaire","Commerces et services de détail - Equipement de la maison","Entrepôt ou messagerie sans besoin de maintien en température du produit (avec ou sans maintien hors-gel des locaux)",6,10476,631650
"2020","Commerce non alimentaire","Commerces et services de détail - Equipement de la personne et loisirs","Commerces et service de détail - Accessoire de mode (Bijouterie, …) - Zone de vente",672,88461,18251091
"2020","Commerce non alimentaire","Commerces et services de détail - Equipement de la personne et loisirs","Commerces et service de détail - Bien être (Sauna et Hammam) - Zone Public",21,17000,1695569
"2020","Commerce non alimentaire","Commerces et services de détail - Equipement de la personne et loisirs","Commerces et service de détail - Culture, Média et Loisirs (Libraire, produits culturels, jeux et loisirs...) - Zone de vente",338,147543,15006340
"2020","Commerce non alimentaire","Commerces et services de détail - Equipement de la personne et loisirs","Commerces et service de détail - Equipement de la personne (Vêtements, lingeries, linges de maison, chaussures, maroquinerie et bagages...) - Zone de vente",4118,2010816,218932937
"2020","Commerce non alimentaire","Commerces et services de détail - Equipement de la personne et loisirs","Commerces et service de détail - Equipement de la personne et Loisirs (Valeur par défaut)",4211,1803768,235869688
"2020","Commerce non alimentaire","Commerces et services de détail - Equipement de la personne et loisirs","Commerces et service de détail - Equipement de la personne et Loisirs - Administration et bureaux",262,265559,40584976
"2020","Commerce non alimentaire","Commerces et services de détail - Equipement de la personne et loisirs","Commerces et service de détail - Equipement de la personne et Loisirs - Réserve d'approche",74,32724,2196713
"2020","Commerce non alimentaire","Commerces et services de détail - Equipement de la personne et loisirs","Commerces et service de détail - Numérique et téléphonie - Zone vente",463,64904,13954405
"2020","Commerce non alimentaire","Commerces et services de détail - Equipement de la personne et loisirs","Commerces et service de détail - Santé Optique - Zone vente",627,105406,14956003
"2020","Commerce non alimentaire","Commerces et services de détail - Equipement de la personne et loisirs","Commerces et service de détail - Santé, Soins (Pharmacie, Parapharmacie) - Zone vente",284,96127,11378920
"2020","Commerce non alimentaire","Commerces et services de détail - Equipement de la personne et loisirs","Commerces et service de détail - Service Conseil (Agences de voyages…) - Zone vente",118,27127,2732004
"2020","Commerce non alimentaire","Commerces et services de détail - Equipement de la personne et loisirs","Commerces et service de détail - Service Laverie automatique - Zone public",5,326,169154
"2020","Commerce non alimentaire","Commerces et services de détail - Equipement de la personne et loisirs","Commerces et service de détail - Service Pressing - Accueil public et process",62,4922,2205050
"2020","Commerce non alimentaire","Commerces et services de détail - Equipement de la personne et loisirs","Commerces et service de détail - Services Equipements de la personne (Cordonnerie, Couturier,…) - Accueil public et process",44,7260,955074
"2020","Commerce non alimentaire","Commerces et services de détail - Equipement de la personne et loisirs","Commerces et service de détail - Soins & Beauté (Beauté & bien être) - Zone soins",254,46628,6906092
"2020","Commerce non alimentaire","Commerces et services de détail - Equipement de la personne et loisirs","Commerces et service de détail - Soins & Beauté (Parfumerie, cosmétique…) - Zone vente",315,51403,7999704
"2020","Commerce non alimentaire","Commerces et services de détail - Equipement de la personne et loisirs","Commerces et service de détail - Soins de la personne (Coiffeur, Salon d'esthétique, Massage) - Zone vente",790,72689,16232450
"2020","Commerce non alimentaire","Commerces et services de détail - Equipement de la personne et loisirs","Commerces et service de détail - Sports et Outdoor - Zone vente",269,312005,30155894
"2020","Culture","Culture et spectacles - Bibliothèque, médiathèque et service d'archives","Bibliothèque, médiathèque et service d'archives - Administration et bureaux (Bureaux Standards)",80,195555,19001924
"2020","Culture","Culture et spectacles - Bibliothèque, médiathèque et service d'archives","Bibliothèque, médiathèque et service d'archives - ERP - Salle de lecture, d'exposition, de conférences, hall d'accueil",297,682489,77178305
"2020","Culture","Culture et spectacles - Bibliothèque, médiathèque et service d'archives","Bibliothèque, médiathèque et service d'archives - Valeur par défaut",711,1606221,173633901
"2020","Culture","Culture et spectacles - Bibliothèque, médiathèque et service d'archives","Bibliothèque, médiathèque et service d'archives - Zone de conservation des collections sans contrôle hygrométrique",19,62038,3830697
"2020","Culture","Culture et spectacles - Bibliothèque, médiathèque et service d'archives","Bibliothèque, médiathèque et service d'archives - Zone de conservation et de traitement des collections avec contrôle climatique complet (température et hygrométrie)",53,397708,46354961
"2020","Culture","Culture et spectacles - Cinéma","Cinéma - Administration et bureaux (Bureaux Standards)",6,20805,3786561
"2020","Culture","Culture et spectacles - Cinéma","Cinéma - Salle de cinéma et cabine de projection",124,475151,61826522
"2020","Culture","Culture et spectacles - Cinéma","Cinéma - Valeur par défaut",214,876538,99235763
"2020","Culture","Culture et spectacles - Espèces vivantes","Espèces vivantes (Valeur par défaut)",22,55102,11284816
"2020","Culture","Culture et spectacles - Espèces vivantes","Espèces vivantes - Administration et bureaux (Bureaux Standards)",23,23528,5574015
"2020","Culture","Culture et spectacles - Espèces vivantes","Espèces vivantes - Aquarium et vivarium",8,67187,22671857
"2020","Culture","Culture et spectacles - Espèces vivantes","Espèces vivantes - Parc zoologique (Enclos fermés et couverts d'hébergement des animaux)",12,78171,24853273
"2020","Culture","Culture et spectacles - Espèces vivantes","Espèces vivantes - Serres",33,124825,24339201
"2020","Culture","Culture et spectacles - Espèces vivantes","Espèces vivantes - Zone de soins vétérinaires",4,2137,183187
"2020","Culture","Culture et spectacles - Musée ou centre d'art avec protection patrimoniale","Musée ou centre d'art avec protection patrimoniale - Administration et bureaux (Bureaux Standards)",24,90581,14105421
"2020","Culture","Culture et spectacles - Musée ou centre d'art avec protection patrimoniale","Musée ou centre d'art avec protection patrimoniale - Salle d'exposition (tout type de traitement d'air)",171,726757,94086100
"2020","Culture","Culture et spectacles - Musée ou centre d'art avec protection patrimoniale","Musée ou centre d'art avec protection patrimoniale - Valeur par défaut",243,922012,109149264
"2020","Culture","Culture et spectacles - Musée ou centre d'art avec protection patrimoniale","Musée ou centre d'art avec protection patrimoniale - Zone de conservation des collections avec contrôle climatique complet (température et hygrométrie)",15,75998,16108516
"2020","Culture","Culture et spectacles - Musée ou centre d'art avec protection patrimoniale","Musée ou centre d'art avec protection patrimoniale - Zone de conservation des collections sans contrôle hygrométrique",13,39771,2860378
"2020","Culture","Culture et spectacles - Musée ou centre d'art sans protection patrimoniale","Musée ou centre d'art sans protection patrimoniale - Administration et bureaux (Bureaux Standards)",32,114674,16354902
"2020","Culture","Culture et spectacles - Musée ou centre d'art sans protection patrimoniale","Musée ou centre d'art sans protection patrimoniale - Salle d'animation audiovisuelle",7,10039,1261851
"2020","Culture","Culture et spectacles - Musée ou centre d'art sans protection patrimoniale","Musée ou centre d'art sans protection patrimoniale - Salle d'exposition (tout type de traitement d'air)",230,605763,71948829
"2020","Culture","Culture et spectacles - Musée ou centre d'art sans protection patrimoniale","Musée ou centre d'art sans protection patrimoniale - Valeur par défaut",253,805650,104584774
"2020","Culture","Culture et spectacles - Musée ou centre d'art sans protection patrimoniale","Musée ou centre d'art sans protection patrimoniale - Zone de conservation des collections avec contrôle climatique complet (température et hygrométrie)",19,79186,16128289
"2020","Culture","Culture et spectacles - Musée ou centre d'art sans protection patrimoniale","Musée ou centre d'art sans protection patrimoniale - Zone de conservation des collections sans contrôle hygrométrique",16,62143,7849221
"2020","Culture","Culture et spectacles - Salle de spectacles vivants sans protection patrimoniale","Bibliothèque, médiathèque et service d'archives - ERP - Salle de lecture, d'exposition, de conférences, hall d'accueil",4,14440,1430619
"2020","Culture","Culture et spectacles - Salle de spectacles vivants sans protection patrimoniale","Bureaux - Bureaux standards",4,7622,810235
"2020","Culture","Culture et spectacles - Salle de spectacles vivants sans protection patrimoniale","Salle de spectacles vivants sans protection patrimoniale - Administration et bureaux (Bureaux Standards)",80,253500,30809249
"2020","Culture","Culture et spectacles - Salle de spectacles vivants sans protection patrimoniale","Salle de spectacles vivants sans protection patrimoniale - Atelier et zone technique",22,103922,8830371
"2020","Culture","Culture et spectacles - Salle de spectacles vivants sans protection patrimoniale","Salle de spectacles vivants sans protection patrimoniale - Foyer et zone de convivialité",16,17305,1414963
"2020","Culture","Culture et spectacles - Salle de spectacles vivants sans protection patrimoniale","Salle de spectacles vivants sans protection patrimoniale - Loge des artistes",3,2877,224003
"2020","Culture","Culture et spectacles - Salle de spectacles vivants sans protection patrimoniale","Salle de spectacles vivants sans protection patrimoniale - Salle de spectacle et de répétition",985,2044281,223642883
"2020","Culture","Culture et spectacles - Salle de spectacles vivants sans protection patrimoniale","Salle de spectacles vivants sans protection patrimoniale - Valeur par défaut",1059,2785983,287267141
"2020","Culture","Culture et spectacles - Salle de spectacles vivants sans protection patrimoniale","Salle de spectacles vivants sans protection patrimoniale - Zone d'accueil du public",33,108067,13403193
"2020","Culture","Culture et spectacles - Salle de spectacles vivants sans protection patrimoniale","Salle de spectacles vivants sans protection patrimoniale - Zone de stockage sans contrôle hygrométrique",8,10260,658297
"2020","Enseignement","Enseignement - Formation continue pour adultes","Formation continue pour adultes - Administration et bureaux (Bureaux Standards)",116,287222,30769265
"2020","Enseignement","Enseignement - Formation continue pour adultes","Formation continue pour adultes - Amphithéâtre, Auditorium, Salles de conférences",9,31433,3496552
"2020","Enseignement","Enseignement - Formation continue pour adultes","Formation continue pour adultes - Ateliers et Halles techniques avec Process",166,629192,62617349
"2020","Enseignement","Enseignement - Formation continue pour adultes","Formation continue pour adultes - Salles de formation et d'enseignement banalisé - Avec Process",219,1473296,204838328
"2020","Enseignement","Enseignement - Formation continue pour adultes","Formation continue pour adultes - Salles de formation et d'enseignement banalisé - Sans Process",231,585464,64702577
"2020","Enseignement","Enseignement - Formation continue pour adultes","Formation continue pour adultes - Valeur par défaut",330,768466,83981678
"2020","Enseignement","Enseignement Primaire","Accueil petite enfance - Crèche",4,7416,553742
"2020","Enseignement","Enseignement Primaire","Bureaux - Bureaux standards",16,78769,13458190
"2020","Enseignement","Enseignement Primaire","Bureaux - Grande salle de réunion - Auditorium - Amphithéâtre (à partir de 30 places)",3,6070,539556
"2020","Enseignement","Enseignement Primaire","Enseignement Primaire - Administration et bureaux (Bureaux Standards)",376,835972,92645874
"2020","Enseignement","Enseignement Primaire","Enseignement Primaire - Internat primaire",9,29518,3354757
"2020","Enseignement","Enseignement Primaire","Enseignement Primaire - Salles d'enseignement Elémentaire",4480,11212567,1131430242
"2020","Enseignement","Enseignement Primaire","Enseignement Primaire - Salles d'enseignement Maternelle",2173,3603587,371185982
"2020","Enseignement","Enseignement Primaire","Enseignement Primaire - Salles multi activité et Périscolaire",761,1292227,137733383
"2020","Enseignement","Enseignement Primaire","Enseignement Primaire - Valeur par défaut",4303,10173924,961645437
"2020","Enseignement","Enseignement Primaire","Enseignement Secondaire - Collège - Salles d'enseignements généraux",5,21310,1968559
"2020","Enseignement","Enseignement Primaire","Gymnase (applicable à : Cesta punta, Salle d'escalade, Squash ou Tennis couvert…)",12,62521,6552001
"2020","Enseignement","Enseignement Primaire","Local vacant",3,6861,870799
"2020","Enseignement","Enseignement Primaire","Restauration collective scolaire et universitaire",21,36736,4059122
"2020","Enseignement","Enseignement Primaire","Salle de spectacles vivants sans protection patrimoniale - Salle de spectacle et de répétition",7,11609,938363
"2020","Enseignement","Enseignement Primaire","Salle de sport collectif (Basket ball, Hand ball, Volley ball, Futsal…)",14,95480,9099573
"2020","Enseignement","Enseignement Primaire","Salle de sport de cours collectifs (fitness, pilates…)",3,17838,2064986
"2020","Enseignement","Enseignement Secondaire","Enseignement Primaire - Salles d'enseignement Elémentaire",5,13738,1099421
"2020","Enseignement","Enseignement Secondaire","Enseignement Secondaire - Administration et bureaux (Bureaux Standards)",90,674936,65331439
"2020","Enseignement","Enseignement Secondaire","Enseignement Secondaire - Collège - Salles d'enseignements généraux",2550,14801575,1330810875
"2020","Enseignement","Enseignement Secondaire","Enseignement Secondaire - Collège - Salles d'enseignements professionnels adaptés",16,110486,11727168
"2020","Enseignement","Enseignement Secondaire","Enseignement Secondaire - Etablissement régional d'enseignement adapté",114,1279489,147150689
"2020","Enseignement","Enseignement Secondaire","Enseignement Secondaire - Internat secondaire",123,581016,64220894
"2020","Enseignement","Enseignement Secondaire","Enseignement Secondaire - Lycée d'enseignement général (LG) ou Salles d'enseignement banalisé - Toutes séries confondues",1034,15438561,1419318755
"2020","Enseignement","Enseignement Secondaire","Enseignement Secondaire - Lycée d'enseignement général et techhnologique agricole - Lycée d'enseignement professionnel agricole",190,2066934,209576428
"2020","Enseignement","Enseignement Secondaire","Enseignement Secondaire - Lycée d'enseignement professionnel",678,8167028,716169164
"2020","Enseignement","Enseignement Secondaire","Enseignement Secondaire - Salles de TP",68,479218,48750880
"2020","Enseignement","Enseignement Secondaire","Enseignement Secondaire - Valeur par défaut",2709,19404176,1928930251
"2020","Enseignement","Enseignement Secondaire","Formation continue pour adultes - Ateliers et Halles techniques avec Process",3,46886,4002466
"2020","Enseignement","Enseignement Secondaire","Gymnase (applicable à : Cesta punta, Salle d'escalade, Squash ou Tennis couvert…)",3,10497,869795
"2020","Enseignement","Enseignement Secondaire","Restauration collective scolaire et universitaire",3,14746,967661
"2020","Enseignement","Enseignement Supérieur","Enseignement Supérieur - Administration et bureaux (Bureaux Standards)",141,1466275,212373434
"2020","Enseignement","Enseignement Supérieur","Enseignement Supérieur - Amphithéâtre, Auditorium, Salles de conférences",31,148690,16221566
"2020","Enseignement","Enseignement Supérieur","Enseignement Supérieur - Ateliers et Halles techniques avec Process",40,207532,23601160
"2020","Enseignement","Enseignement Supérieur","Enseignement Supérieur - Salles de formation, d'enseignement ou de TP",96,609776,68485708
"2020","Enseignement","Enseignement Supérieur","Enseignement Supérieur - Salles de formation, d'enseignement ou de vie de campus - Sans Process",428,2767299,335736797
"2020","Enseignement","Enseignement Supérieur","Enseignement Supérieur - Valeur par défaut",769,4746368,557059317
"2020","Evenementiel","Parc d'expositions","Parc d'expositions - Halles d'expositions",74,840078,47782182
"2020","Evenementiel","Parc d'expositions","Parc d'expositions - Valeur par défaut",50,662138,38744135
"2020","Evenementiel","Sports","Bureaux - Bureaux standards",3,24229,2486709
"2020","Evenementiel","Sports","Centre équestre",21,72533,1962830
"2020","Evenementiel","Sports","Enseignement Primaire - Salles d'enseignement Elémentaire",4,17686,3025632
"2020","Evenementiel","Sports","Entrepôt ou messagerie sans besoin de maintien en température du produit (avec ou sans maintien hors-gel des locaux)",5,15518,2256441
"2020","Evenementiel","Sports","Gymnase (applicable à : Cesta punta, Salle d'escalade, Squash ou Tennis couvert…)",1924,4484072,404146085
"2020","Evenementiel","Sports","Patinoire, dont vestiaires, douches et sanitaires",50,270019,81416025
"2020","Evenementiel","Sports","Piscine, dont vestiaires, douches et sanitaires",763,2375686,1197663321
"2020","Evenementiel","Sports","Récupération sportive (Massage - Cryothérapie en bassin ou cabine), Sauna, Hammam",7,46621,13625018
"2020","Evenementiel","Sports","Salle d'athlétisme couverte",14,86322,5823899
"2020","Evenementiel","Sports","Salle de danse",64,53232,5154154
"2020","Evenementiel","Sports","Salle de spectacles vivants sans protection patrimoniale - Salle de spectacle et de répétition",9,26973,4188797
"2020","Evenementiel","Sports","Salle de sport collectif (Basket ball, Hand ball, Volley ball, Futsal…)",2271,5409766,472059081
"2020","Evenementiel","Sports","Salle de sport de combat (Dojo)",140,207216,19423183
"2020","Evenementiel","Sports","Salle de sport de cours collectifs (fitness, pilates…)",318,596314,53826381
"2020","Evenementiel","Sports","Salle de sport de pratique individuelle (Machines cardio et musculation)",575,771659,79396940
"2020","Evenementiel","Sports","Sports - Administration et bureaux (bureaux standards)",161,205491,26426563
"2020","Evenementiel","Sports","Sports - Valeur par défaut",1783,4349366,448186113
"2020","Evenementiel","Sports","Sports - Vestiaires, douches et sanitaires (sauf vestiaires de piscines et patinoires)",488,551558,73522324
"2020","Evenementiel","Sports","Stade/vélodrome - couvert",81,270246,24424937
"2020","Evenementiel","Sports","Stade/vélodrome, Hippodrome et Cynodrome - non couvert",177,998154,103163450
"2020","Evenementiel","Sports","Stand de tir",20,64781,1748249
"2020","Halles","Halles et marchés couverts","Halles et marchés couverts (Valeur par défaut)",104,216283,20532269
"2020","Halles","Halles et marchés couverts","Halles et marchés couverts - Etale ou stand alimentaire",37,74987,7950462
"2020","Halles","Halles et marchés couverts","Halles et marchés couverts - Etale ou stand non-alimentaire",5,30843,2522375
"2020","Halles","Halles et marchés couverts","Halles et marchés couverts - Partie commune (mail et locaux technique)",13,22406,2228299
"2020","Hébergement touristique","Hébergement touristique de courte durée (auberge de jeunesse, centre-sportif, colonies de vacances, gîte d'étape et refuge de montagne)","Hébergement touristique de courte durée - Administration et bureaux (bureaux standards)",13,38032,3785864
"2020","Hébergement touristique","Hébergement touristique de courte durée (auberge de jeunesse, centre-sportif, colonies de vacances, gîte d'étape et refuge de montagne)","Hébergement touristique de courte durée - Cuisine",3,5750,557534
"2020","Hébergement touristique","Hébergement touristique de courte durée (auberge de jeunesse, centre-sportif, colonies de vacances, gîte d'étape et refuge de montagne)","Hébergement touristique de courte durée - Sanitaires et zone de couchages",202,519003,62455715
"2020","Hébergement touristique","Hébergement touristique de courte durée (auberge de jeunesse, centre-sportif, colonies de vacances, gîte d'étape et refuge de montagne)","Hébergement touristique de courte durée - Valeur par défaut",366,1011096,116106836
"2020","Hébergement touristique","Hébergement touristique de courte durée (auberge de jeunesse, centre-sportif, colonies de vacances, gîte d'étape et refuge de montagne)","Hébergement touristique de courte durée - Zone de restauration",13,17059,1874462
"2020","Hébergement touristique","Résidences de tourisme et villages ou clubs de vacances","Résidence de tourisme, ERP, 2 étoiles - Appartements et services (hors restauration)",20,74508,9081407
"2020","Hébergement touristique","Résidences de tourisme et villages ou clubs de vacances","Résidence de tourisme, ERP, 3 étoiles - Appartements et services (hors restauration)",66,325253,32477362
"2020","Hébergement touristique","Résidences de tourisme et villages ou clubs de vacances","Résidence de tourisme, ERP, 4 étoiles - Appartements et services (hors restauration)",33,193924,37961321
"2020","Hébergement touristique","Résidences de tourisme et villages ou clubs de vacances","Résidence de tourisme, ERP, 5 étoiles et plus - Appartements et services (hors restauration)",4,16912,2527735
"2020","Hébergement touristique","Résidences de tourisme et villages ou clubs de vacances","Résidences de tourisme, ERP, 1 étoile et non classé - Appartements et services (hors restauration)",17,52787,5833617
"2020","Hébergement touristique","Résidences de tourisme et villages ou clubs de vacances","Résidences de tourisme, village ou club de vacances, ERP - Administration et bureaux (bureaux standard)",15,45824,3459030
"2020","Hébergement touristique","Résidences de tourisme et villages ou clubs de vacances","Résidences de tourisme, village ou club de vacances, ERP - Piscine intérieure",18,83805,35303534
"2020","Hébergement touristique","Résidences de tourisme et villages ou clubs de vacances","Résidences de tourisme, village ou club de vacances, ERP - Sauna et Hammam",4,2449,981565
"2020","Hébergement touristique","Résidences de tourisme et villages ou clubs de vacances","Résidences de tourisme, village ou club de vacances, ERP - Valeur par défaut",211,1264910,136376709
"2020","Hébergement touristique","Résidences de tourisme et villages ou clubs de vacances","Village ou club de vacances, ERP, 1 étoile et non classé - Chambres et services (hors restauration)",8,19167,1956171
"2020","Hébergement touristique","Résidences de tourisme et villages ou clubs de vacances","Village ou club de vacances, ERP, 2 étoiles - Chambres et services (hors restauration)",3,8618,1098121
"2020","Hébergement touristique","Résidences de tourisme et villages ou clubs de vacances","Village ou club de vacances, ERP, 3 étoiles - Chambres et services (hors restauration)",43,235550,22990685
"2020","Hébergement touristique","Résidences de tourisme et villages ou clubs de vacances","Village ou club de vacances, ERP, 4 étoiles - Chambres et services (hors restauration)",5,20555,2462473
"2020","Hébergement touristique","Terrain de camping et parcs pour caravanes ou véhicules de loisirs","Terrain de camping - Administration et bureaux (Bureaux Standards)",4,4797,888805
"2020","Hébergement touristique","Terrain de camping et parcs pour caravanes ou véhicules de loisirs","Terrain de camping - Blocs sanitaires",8,3756,742439
"2020","Hébergement touristique","Terrain de camping et parcs pour caravanes ou véhicules de loisirs","Terrain de camping - Valeur par défaut",33,80125,9542725
"2020","Hôtels","Hôtellerie","Hôtel - Administration et bureaux (bureaux standards)",21,57173,9369551
"2020","Hôtels","Hôtellerie","Hôtel - Piscine extérieure chauffée",7,23514,2495529
"2020","Hôtels","Hôtellerie","Hôtel - Piscine intérieure",14,48800,13087886
"2020","Hôtels","Hôtellerie","Hôtel - Sauna et Hammam",6,24408,5214220
"2020","Hôtels","Hôtellerie","Hôtel - Valeur par défaut",1040,3525766,545092574
"2020","Hôtels","Hôtellerie","Hôtel 1 étoile et non classé - Chambres et services",214,310137,47766935
"2020","Hôtels","Hôtellerie","Hôtel 2 étoiles - Chambres et services",500,971473,121029407
"2020","Hôtels","Hôtellerie","Hôtel 3 étoiles - Chambres et services",1164,2961402,385032825
"2020","Hôtels","Hôtellerie","Hôtel 4 étoiles- Chambres et services",724,3465224,524564151
"2020","Hôtels","Hôtellerie","Hôtel 5 étoiles et plus - Chambres et services",170,1139146,227313877
"2020","Imprimerie","Imprimerie et reprographie","Imprimerie et reprographie - Administration et bureaux (Bureaux Standards)",23,36846,3215033
"2020","Imprimerie","Imprimerie et reprographie","Imprimerie et reprographie - Atelier d'imprimerie numérique",45,103228,22206901
"2020","Imprimerie","Imprimerie et reprographie","Imprimerie et reprographie - Atelier d'imprimerie offset",27,96672,30820445
"2020","Imprimerie","Imprimerie et reprographie","Imprimerie et reprographie - Local de stockage de matières premières et produits finis",11,44602,10676457
"2020","Imprimerie","Imprimerie et reprographie","Imprimerie et reprographie - Valeur par défaut",45,54314,12662236
"2020","Justice","Justice - Etablissements pénitentiaires","Etablissements pénitentiaires - Locaux hors zone de détention",29,354857,92377433
"2020","Justice","Justice - Etablissements pénitentiaires","Etablissements pénitentiaires - Zone de détention",35,422863,105190725
"2020","Justice","Justice - Protection Judiciaire de la Jeunesse","Protection Judiciaire de la Jeunesse - Hébergement des mineurs",19,70101,11848661
"2020","Justice","Justice - Protection Judiciaire de la Jeunesse","Protection Judiciaire de la Jeunesse - Valeur par défaut",10,23202,3665691
"2020","Justice","Justice - Tribunaux","Tribunaux - Administration et bureaux (Bureaux standards)",192,720375,97593312
"2020","Justice","Justice - Tribunaux","Tribunaux - Valeur par défaut",24,146377,18779488
"2020","Laboratoires","Laboratoires (hors périmètre médical : étalonnage, suivi écologique…)","Laboratoire - Administration et bureaux (Bureaux Standards)",58,139867,47845452
"2020","Laboratoires","Laboratoires (hors périmètre médical : étalonnage, suivi écologique…)","Laboratoire - Valeur par défaut",148,491447,173878364
"2020","Laboratoires","Laboratoires (hors périmètre médical : étalonnage, suivi écologique…)","Laboratoire - Zone laboratoire",67,425722,138377295
"2020","Local vacant","Local vacant","Local vacant",319,904208,76470750
"2020","Logistique","Logistique","Entrepôt ou messagerie sans besoin de maintien en température du produit (avec ou sans maintien hors-gel des locaux)",6570,45958592,3569433183
"2020","Logistique","Logistique","Entrepôt à température ambiante (évolution libre entre +12°C et +26°C) ou avec maintien hors-gel pour les besoins du produit",393,3842618,274038645
"2020","Logistique","Logistique","Logistique - Administration et bureaux (bureaux standards)",839,3200427,314225314
"2020","Logistique","Logistique","Logistique - Valeur par défaut",2095,13507929,1019215943
"2020","Logistique","Logistique","Logistique de froid négatif (Référence -18°C)",229,1418958,510948557
"2020","Logistique","Logistique","Logistique ou messagerie température dirigée +12 à +17°C - produits frais (référence à +15°C)",317,2079769,216611948
"2020","Logistique","Logistique","Logistique ou messagerie température dirigée froid positif +1 à +8°C - produits frais (référence à +3°C)",413,2880583,638990087
"2020","Nuit & Loisirs","Etablissement de nuit et de loisirs","Etablissement de nuit et de loisirs - Administration et bureaux (Bureaux Standards)",28,76157,19654539
"2020","Nuit & Loisirs","Etablissement de nuit et de loisirs","Etablissement de nuit et de loisirs - Bowling",29,78239,5673411
"2020","Nuit & Loisirs","Etablissement de nuit et de loisirs","Etablissement de nuit et de loisirs - Casino",103,340529,118636223
"2020","Nuit & Loisirs","Etablissement de nuit et de loisirs","Etablissement de nuit et de loisirs - Discothèque",14,18867,1076223
"2020","Nuit & Loisirs","Etablissement de nuit et de loisirs","Etablissement de nuit et de loisirs - Escape Game",11,3574,333243
"2020","Nuit & Loisirs","Etablissement de nuit et de loisirs","Etablissement de nuit et de loisirs - Espace Aqua ludique",12,52671,12990938
"2020","Nuit & Loisirs","Etablissement de nuit et de loisirs","Etablissement de nuit et de loisirs - Espace récréatif pour enfants",141,195481,19238340
"2020","Nuit & Loisirs","Etablissement de nuit et de loisirs","Etablissement de nuit et de loisirs - Laser Game",6,6292,202118
"2020","Nuit & Loisirs","Etablissement de nuit et de loisirs","Etablissement de nuit et de loisirs - Valeur par défaut",165,305719,46798260
"2020","Parc à thèmes","Parc d'attractions et parc à thèmes","Parc d'attractions et parc à thèmes - Administration et bureaux (Bureaux Standards)",8,24767,7006709
"2020","Parc à thèmes","Parc d'attractions et parc à thèmes","Parc d'attractions et parc à thèmes - Attraction bâtiment semi-ouvert",5,105852,28360674
"2020","Parc à thèmes","Parc d'attractions et parc à thèmes","Parc d'attractions et parc à thèmes - Valeur par défaut",128,423021,147869212
"2020","Parties communes CC","Parties communes des centres commerciaux et des galeries commerciales","C Commercial et G Commerciale (Valeur par défaut)",406,1177726,181616983
"2020","Parties communes CC","Parties communes des centres commerciaux et des galeries commerciales","C Commercial et G Commerciale - Administration et bureaux",13,17255,1577905
"2020","Parties communes CC","Parties communes des centres commerciaux et des galeries commerciales","C Commercial et G Commerciale - Zones accessibles au public",462,1378147,239277810
"2020","Parties communes CC","Parties communes des centres commerciaux et des galeries commerciales","C Commercial et G Commerciale - Zones techniques Commerces",25,40993,4187364
"2020","Restauration","Restauration - Débit de boissons","Bar et café (sans restauration)",63,46753,8822593
"2020","Restauration","Restauration - Débit de boissons","Cafétéria (service de boissons chaudes, sandwiches et plats à réchauffer au micro-ondes)",114,136775,39657634
"2020","Restauration","Restauration - Débit de boissons","Restaurant gastronomique",30,36191,10243723
"2020","Restauration","Restauration - Débit de boissons","Restaurant traditionnel ou Brasserie",554,296372,95759864
"2020","Restauration","Restauration - Débit de boissons","Restauration - Valeur par défaut",651,489104,139299779
"2020","Restauration","Restauration - Débit de boissons","Restauration collective - Cuisine centrale",87,152252,54546675
"2020","Restauration","Restauration - Débit de boissons","Restauration collective avec services - Restauration inter-entreprises",117,176448,42601318
"2020","Restauration","Restauration - Débit de boissons","Restauration collective scolaire et universitaire",503,544750,107235260
"2020","Restauration","Restauration - Débit de boissons","Restauration en service continu en libre-service (avec plateaux) - Self",4,1959,689790
"2020","Restauration","Restauration - Débit de boissons","Restauration et débit de boissons - Réserve - Température ambiante",13,19482,11049234
"2020","Restauration","Restauration - Débit de boissons","Restauration et débits de boisson - Réserve et/ou meubles froid négatif",4,1670,354435
"2020","Restauration","Restauration - Débit de boissons","Restauration et débits de boisson - Réserve et/ou meubles froid positif",10,16548,10679718
"2020","Restauration","Restauration - Débit de boissons","Restauration et débits de boissons - Administration et bureaux (bureaux standard)",34,51930,11744252
"2020","Restauration","Restauration - Débit de boissons","Restauration rapide commerciale continue (Burger - Salade - Kebab, …)",603,194268,113871454
"2020","Restauration","Restauration - Débit de boissons","Restauration rapide debout (Sandwicherie)",42,11512,3072300
"2020","Restauration","Restauration - Débit de boissons","Restauration sans service à la place (vente emportée ou livrée)",33,16782,3590563
"2020","Santé","Santé - Centres Hospitaliers","Centres Hospitaliers - Administration non intégrée dans un service de soins (Bureaux Standards)",186,4079176,1129932594
"2020","Santé","Santé - Centres Hospitaliers","Centres Hospitaliers - Blanchisserie",11,77399,59427252
"2020","Santé","Santé - Centres Hospitaliers","Centres Hospitaliers - Blocs opératoires (blocs opératoires programmés et blocs opératoires d'urgence)",18,257915,73847104
"2020","Santé","Santé - Centres Hospitaliers","Centres Hospitaliers - Consultation",338,1892127,466767422
"2020","Santé","Santé - Centres Hospitaliers","Centres Hospitaliers - Hospitalisation ambulatoire",88,206469,47483629
"2020","Santé","Santé - Centres Hospitaliers","Centres Hospitaliers - Hospitalisation conventionnelle",530,11646941,3220907780
"2020","Santé","Santé - Centres Hospitaliers","Centres Hospitaliers - Imageries médicales (mammographie, tomographie, échographie, radiographie, IRM…)",31,19501,8048138
"2020","Santé","Santé - Centres Hospitaliers","Centres Hospitaliers - Laboratoires classés P2, P3, P4",3,9098,4540075
"2020","Santé","Santé - Centres Hospitaliers","Centres Hospitaliers - Laboratoires courants",23,39486,10016016
"2020","Santé","Santé - Centres Hospitaliers","Centres Hospitaliers - Restauration collective - Cuisine centrale (plateau repas)",15,46248,22640090
"2020","Santé","Santé - Centres Hospitaliers","Centres Hospitaliers - Restauration collective avec services - Restauration collective inter-entreprises",3,1910,336236
"2020","Santé","Santé - Centres Hospitaliers","Centres Hospitaliers - Rééducation fonctionnelle - Kinésithérapie (SSR, thermothérapie, massages…)",135,1107486,224125274
"2020","Santé","Santé - Centres Hospitaliers","Centres Hospitaliers - Salles blanches (pharmacie, chimiothérapie, dialyse, oxygénothérapie, prélèvements d'organes…)",5,4415,637775
"2020","Santé","Santé - Centres Hospitaliers","Centres Hospitaliers - Valeur par défaut",931,17911255,4301933679
"2020","Santé","Santé - Centres Hospitaliers","Centres Hospitaliers - Zone accueil public",47,577772,143235546
"2020","Santé","Santé - Centres Hospitaliers","Entrepôt ou messagerie sans besoin de maintien en température du produit (avec ou sans maintien hors-gel des locaux)",4,115759,13095842
"2020","Santé","Santé - Centres Hospitaliers","Etablissement d'hébergement pour personnes âgées dépendantes (EHPAD) - Zones de vie",19,377127,88111040
"2020","Santé","Santé - Centres Hospitaliers","Local vacant",5,231512,35797365
"2020","Santé","Santé - Centres Hospitaliers","Stationnement en infrastructure (Sous-sol en ventilation mécanique)",5,266818,82111727
"2020","Santé","Santé - Etablissements médico-sociaux","Centre médical (Maison médicale - Protection Maternelle et Infantile)",100,114499,15102385
"2020","Santé","Santé - Etablissements médico-sociaux","Centre médical spécialisé pour enfants et adolescents (CAMSP - CMPP)",77,143926,19944047
"2020","Santé","Santé - Etablissements médico-sociaux","Entrepôt ou messagerie sans besoin de maintien en température du produit (avec ou sans maintien hors-gel des locaux)",4,16538,2541633
"2020","Santé","Santé - Etablissements médico-sociaux","Etablissement d'hébergement pour personnes âgées dépendantes (EHPAD) - Zones de vie",3213,15587808,2637943584
"2020","Santé","Santé - Etablissements médico-sociaux","Etablissement d'hébergement social ou médico-social de mineurs en difficultés (MECS) - Zones de vie",240,599306,99520272
"2020","Santé","Santé - Etablissements médico-sociaux","Etablissement de Balnéothérapie - Bassins et piscines (dont vestiaires et douches)",6,26060,13825182
"2020","Santé","Santé - Etablissements médico-sociaux","Etablissement de Balnéothérapie - Zone de soins (massages, sauna et hammam)",3,13428,5180505
"2020","Santé","Santé - Etablissements médico-sociaux","Etablissement de prise en charge pour les enfants et adolescents (IEM - EEAP - IME - IDA - IDV - ITEP) - Zones de vie",670,2196740,313558795
"2020","Santé","Santé - Etablissements médico-sociaux","Etablissement médicalisé d'hébergement permanent pour adultes dépendants (MAS - FAM/EAM) - Zones de vie",787,2716854,469183432
"2020","Santé","Santé - Etablissements médico-sociaux","Etablissement médico-social - Administration et bureaux (bureaux standards)",343,652053,99007220
"2020","Santé","Santé - Etablissements médico-sociaux","Etablissement médico-social - Laverie",53,269987,57611655
"2020","Santé","Santé - Etablissements médico-sociaux","Etablissement médico-social - Restauration collective avec services",37,129609,20146926
"2020","Santé","Santé - Etablissements médico-sociaux","Etablissements médico-sociaux - Valeur par défaut",2827,10535075,1763725748
"2020","Santé","Santé - Santé libérale","Santé libérale - Administration et bureaux (Bureaux Standards)",77,55152,6815345
"2020","Santé","Santé - Santé libérale","Santé libérale - Autre activité de santé libérale sans process (y compris accueil et salle d'attente associés)",4,550,33839
"2020","Santé","Santé - Santé libérale","Santé libérale - Imagerie médicale",28,18412,4557026
"2020","Santé","Santé - Santé libérale","Santé libérale - Kinésithérapie, Rééducation fonctionnelle (y compris accueil et salle d'attente associés)",67,45655,6185961
"2020","Santé","Santé - Santé libérale","Santé libérale - Laboratoire médical (y compris accueil et salle d'attente associés)",59,46083,10830882
"2020","Santé","Santé - Santé libérale","Santé libérale - Ophtalmologie (y compris accueil et salle d'attente associés)",19,13706,1350839
"2020","Santé","Santé - Santé libérale","Santé libérale - Prestations dentaires (y compris accueil et salle d'attente associés)",88,23169,3009020
"2020","Santé","Santé - Santé libérale","Santé libérale - Valeur par défaut",360,433166,84326346
"2020","Serveurs & IT","Salles serveurs et centres d'exploitation informatique","Grand Data Center (surface de salle IT comprise entre 5 000 m² à 10 000 m²)",15,120250,411767905
"2020","Serveurs & IT","Salles serveurs et centres d'exploitation informatique","Local serveurs (surface de salle IT inférieure à 20 m²)",3,2652,168431
"2020","Serveurs & IT","Salles serveurs et centres d'exploitation informatique","Mini Data Center (surface de salle IT comprise entre 100 et 500 m²)",23,10248,24285281
"2020","Serveurs & IT","Salles serveurs et centres d'exploitation informatique","Moyen Data Center (surface de salle IT comprise entre 1 000 m² à 5 000 m²)",80,314901,724427706
"2020","Serveurs & IT","Salles serveurs et centres d'exploitation informatique","Petit Data Center (surface de salle IT comprise entre 500 et 1 000 m²)",34,54765,107117884
"2020","Serveurs & IT","Salles serveurs et centres d'exploitation informatique","Salle serveur & Data Center - Valeur par défaut",16,55654,89446912
"2020","Serveurs & IT","Salles serveurs et centres d'exploitation informatique","Salle serveurs (surface de salle IT comprise entre 20 et 100 m²)",10,12555,14405447
"2020","Serveurs & IT","Salles serveurs et centres d'exploitation informatique","Très grand Data Center (surface de salle IT supérieure à 10 000 m²)",12,156162,401829053
"2020","Stationnement","Stationnement","Stationnement - Aire de lavage (en infra ou superstructure)",4,5667,381142
"2020","Stationnement","Stationnement","Stationnement - Station-service (en infra ou superstructure)",9,69222,3603079
"2020","Stationnement","Stationnement","Stationnement - Valeur par défaut",257,2338137,52785189
"2020","Stationnement","Stationnement","Stationnement en infrastructure (Sous-sol en ventilation mécanique)",683,9320164,290338131
"2020","Stationnement","Stationnement","Stationnement en superstructure (Silo en ventilation naturelle, Parc de stationnement largement ventilé)",166,2427940,99976373
"2020","Transport","Transport aérien de voyageurs - Site aéroporturaire","Transport aérien de voyageurs - Administration et bureaux (Bureaux Standards)",117,283427,36436787
"2020","Transport","Transport aérien de voyageurs - Site aéroporturaire","Transport aérien de voyageurs - Hangars de maintenance aéronautique",47,387518,49562197
"2020","Transport","Transport aérien de voyageurs - Site aéroporturaire","Transport aérien de voyageurs - Valeur par défaut",21,67425,7466409
"2020","Transport","Transport aérien de voyageurs - Site aéroporturaire","Transport aérien de voyageurs - Zones passagers et parties communes de la zone commerciale",84,1430341,275045414
"2020","Transport","Transport ferroviaire et guidé de voyageurs","Transport ferroviaire et guidé de voyageurs - Ateliers de maintenance du matériel roulant - N 1 à 3",37,304581,39801896
"2020","Transport","Transport ferroviaire et guidé de voyageurs","Transport ferroviaire et guidé de voyageurs - Ateliers de maintenance du matériel roulant - N 1 à 4",9,88369,13241061
"2020","Transport","Transport ferroviaire et guidé de voyageurs","Transport ferroviaire et guidé de voyageurs - Valeur par défaut",2324,4870562,789584402
"2020","Transport","Transport ferroviaire et guidé de voyageurs","Transport ferroviaire et guidé de voyageurs - Zones Voyageurs aériennes",27,245814,30455827
"2020","Transport","Transport ferroviaire et guidé de voyageurs","Transport ferroviaire et guidé de voyageurs - Zones de remisage couvertes",34,301251,29042598
"2020","Transport","Transport maritime ou fluvial de voyageurs","Gare maritime ou fluviale (Valeur par défaut)",7,11794,1189173
"2020","Transport","Transport maritime ou fluvial de voyageurs","Gare maritime ou fluviale - Administration et bureaux (Bureaux Standards)",8,1719,475870
"2020","Transport","Transport maritime ou fluvial de voyageurs","Gare maritime ou fluviale - Zone d'embarquement ou débarquement des passagers",3,7855,937998
"2020","Transport","Transport routier de voyageurs","Gare routière (Valeur par défaut)",16,58871,4493031
"2020","Transport","Transport routier de voyageurs","Transport routier de voyageurs - Administration et bureaux (Bureaux Standards)",42,115810,18200647
"2020","Transport","Transport routier de voyageurs","Transport routier de voyageurs - Ateliers de maintenance",77,256290,51467126
"2020","Transport","Transport routier de voyageurs","Transport routier de voyageurs - Zones Voyageurs - hors quai non couverts",8,17273,1118369
"2020","Vente véhicules et engins","Vente et services engins nautiques et de plaisance","Vente et services engins nautiques et de plaisance - Administration et bureaux (Bureaux Standards)",14,21867,2878080
"2020","Vente véhicules et engins","Vente et services engins nautiques et de plaisance","Vente et services engins nautiques et de plaisance - Magasin de stockage de pièces",4,6253,241424
"2020","Vente véhicules et engins","Vente et services engins nautiques et de plaisance","Vente et services engins nautiques et de plaisance - Valeur par défaut",14,15274,740201
"2020","Vente véhicules et engins","Vente et services engins nautiques et de plaisance","Vente et services engins nautiques et de plaisance - Vente et exposition des unités",8,11744,1141124
"2020","Vente véhicules et engins","Vente et services engins nautiques et de plaisance","Vente et services engins nautiques et de plaisance - Zones atelier",17,29962,2665259
"2020","Vente véhicules et engins","Vente et services motocycle","Vente et services motocycles - Administration et bureaux (Bureaux Standards)",4,2702,211372
"2020","Vente véhicules et engins","Vente et services motocycle","Vente et services motocycles - Magasin de stockage de pièces",5,3965,110724
"2020","Vente véhicules et engins","Vente et services motocycle","Vente et services motocycles - Valeur par défaut",20,19231,1111539
"2020","Vente véhicules et engins","Vente et services motocycle","Vente et services motocycles - Vente et exposition de motocycles",24,24430,1416220
"2020","Vente véhicules et engins","Vente et services motocycle","Vente et services motocycles - Zones atelier",4,4340,547946
"2020","Vente véhicules et engins","Vente et services véhicules légers","Stationnement en infrastructure (Sous-sol en ventilation mécanique)",7,36014,4670623
"2020","Vente véhicules et engins","Vente et services véhicules légers","Vente et services véhicules légers - Administration et bureaux (Bureaux Standards)",54,68259,7659931
"2020","Vente véhicules et engins","Vente et services véhicules légers","Vente et services véhicules légers - Magasin de stockage de pièces",89,195480,14429318
"2020","Vente véhicules et engins","Vente et services véhicules légers","Vente et services véhicules légers - Valeur par défaut",1913,5168322,641770828
"2020","Vente véhicules et engins","Vente et services véhicules légers","Vente et services véhicules légers - Vente et exposition des véhicules",340,654281,68926645
"2020","Vente véhicules et engins","Vente et services véhicules légers","Vente et services véhicules légers - Zones atelier",1077,2532504,309302493
"2020","Vente véhicules et engins","Vente et services véhicules utilitaires et véhicules industriels","Stationnement en superstructure (Silo en ventilation naturelle, Parc de stationnement largement ventilé)",3,12967,462372
"2020","Vente véhicules et engins","Vente et services véhicules utilitaires et véhicules industriels","Vente et services véhicules utilitaires et véhicules industriels - Administration et bureaux (Bureaux Standards)",47,123375,10703065
"2020","Vente véhicules et engins","Vente et services véhicules utilitaires et véhicules industriels","Vente et services véhicules utilitaires et véhicules industriels - Magasin de stockage de pièces",97,278091,18788188
"2020","Vente véhicules et engins","Vente et services véhicules utilitaires et véhicules industriels","Vente et services véhicules utilitaires et véhicules industriels - Valeur par défaut",708,1472532,124190603
"2020","Vente véhicules et engins","Vente et services véhicules utilitaires et véhicules industriels","Vente et services véhicules utilitaires et véhicules industriels - Vente et exposition des véhicules",43,85394,6260234
"2020","Vente véhicules et engins","Vente et services véhicules utilitaires et véhicules industriels","Vente et services véhicules utilitaires et véhicules industriels - Zones atelier",1246,2633658,236218416
"2021","Accueil petite enfance","Accueil petite enfance","Accueil petite enfance - Administration et bureaux (Bureaux Standards)",54,78243,7743452
"2021","Accueil petite enfance","Accueil petite enfance","Accueil petite enfance - Crèche",982,863564,124680395
"2021","Accueil petite enfance","Accueil petite enfance","Accueil petite enfance - Halte garderie",237,191337,23315456
"2021","Accueil petite enfance","Accueil petite enfance","Accueil petite enfance - Valeur par défaut",521,625121,78948777
"2021","Audiovisuel","Audiovisuel - Radio","Radio (Valeur par défaut)",41,15284,1898740
"2021","Audiovisuel","Audiovisuel - Radio","Radio - Administration et rédaction",29,30388,5867878
"2021","Audiovisuel","Audiovisuel - Télévision et production cinéma","Télévision et production cinéma - Administration et rédaction",27,111514,37222454
"2021","Audiovisuel","Audiovisuel - Télévision et production cinéma","Télévision et production cinéma - Studio d'enregistrement et de diffusion d'émissions télévisées",43,109852,17275343
"2021","Audiovisuel","Audiovisuel - Télévision et production cinéma","Télévision et production cinéma - Valeur par défaut",48,148737,38717145
"2021","Blanchisserie","Blanchisserie dite """"industrielle""""","Blanchisserie industrielle - Lavage, Séchage et Finition",62,74970,59692519
"2021","Blanchisserie","Blanchisserie dite """"industrielle""""","Blanchisserie industrielle - Stockage & Chargement",7,44824,25899990
"2021","Blanchisserie","Blanchisserie dite """"industrielle""""","Blanchisserie industrielle - Valeur par défaut",188,715375,654110694
"2021","Bureaux","Bureaux - Services Publics - Banque","Banque - Distributeur automatique de billets indépendant",6,676,45563
"2021","Bureaux","Bureaux - Services Publics - Banque","Banque - Salle des coffres",3,934,128937
"2021","Bureaux","Bureaux - Services Publics - Banque","Banque - Zone guichets accueil personnalisé",232,111839,15033796
"2021","Bureaux","Bureaux - Services Publics - Banque","Bibliothèque, médiathèque et service d'archives - ERP - Salle de lecture, d'exposition, de conférences, hall d'accueil",4,5765,762954
"2021","Bureaux","Bureaux - Services Publics - Banque","Bureaux (Valeur par défaut)",13154,21787459,2795222602
"2021","Bureaux","Bureaux - Services Publics - Banque","Bureaux - Autres activités de services",1248,2511400,343017052
"2021","Bureaux","Bureaux - Services Publics - Banque","Bureaux - Bureaux standards",22375,47651666,7044142115
"2021","Bureaux","Bureaux - Services Publics - Banque","Bureaux - Centre Documentaire",40,95624,11449148
"2021","Bureaux","Bureaux - Services Publics - Banque","Bureaux - Espace Co-Working",172,431881,52368468
"2021","Bureaux","Bureaux - Services Publics - Banque","Bureaux - Flex Office",404,1891846,272936231
"2021","Bureaux","Bureaux - Services Publics - Banque","Bureaux - Grande salle de réunion - Auditorium - Amphithéâtre (à partir de 30 places)",406,572027,73520572
"2021","Bureaux","Bureaux - Services Publics - Banque","Bureaux - Open Space",3885,12095295,1871676601
"2021","Bureaux","Bureaux - Services Publics - Banque","Bureaux - Salle Haute Intensité - Centre d'appel",75,165339,24788381
"2021","Bureaux","Bureaux - Services Publics - Banque","Bureaux - Salle Haute Intensité - Salle de marché",11,52501,17152231
"2021","Bureaux","Bureaux - Services Publics - Banque","Bureaux - Zone Accueil Public",869,1042298,132825061
"2021","Bureaux","Bureaux - Services Publics - Banque","Bureaux - Zone archive sans contrainte hygrothermique",132,333713,41244558
"2021","Bureaux","Bureaux - Services Publics - Banque","Enseignement Primaire - Salles d'enseignement Elémentaire",7,5148,871683
"2021","Bureaux","Bureaux - Services Publics - Banque","Enseignement Primaire - Salles d'enseignement Maternelle",4,8420,1136016
"2021","Bureaux","Bureaux - Services Publics - Banque","Enseignement Primaire - Salles multi activité et Périscolaire",4,8988,1153004
"2021","Bureaux","Bureaux - Services Publics - Banque","Entrepôt ou messagerie sans besoin de maintien en température du produit (avec ou sans maintien hors-gel des locaux)",52,236567,34777738
"2021","Bureaux","Bureaux - Services Publics - Banque","Laboratoire - Administration et bureaux (Bureaux Standards)",3,9876,1913315
"2021","Bureaux","Bureaux - Services Publics - Banque","Local vacant",5,7786,780167
"2021","Bureaux","Bureaux - Services Publics - Banque","Logistique - Administration et bureaux (bureaux standards)",7,59885,12607720
"2021","Bureaux","Bureaux - Services Publics - Banque","Musée ou centre d'art sans protection patrimoniale - Salle d'exposition (tout type de traitement d'air)",5,11603,2190737
"2021","Bureaux","Bureaux - Services Publics - Banque","Restauration collective avec services - Restauration inter-entreprises",4,13768,3984123
"2021","Bureaux","Bureaux - Services Publics - Banque","Salle de spectacles vivants sans protection patrimoniale - Salle de spectacle et de répétition",7,21051,2490259
"2021","Bureaux","Bureaux - Services Publics - Banque","Stationnement en infrastructure (Sous-sol en ventilation mécanique)",27,414936,40693525
"2021","Bureaux","Bureaux - Services Publics - Banque","Stationnement en superstructure (Silo en ventilation naturelle, Parc de stationnement largement ventilé)",6,46597,3000814
"2021","Commerce alimentaire","Commerce - Grande Surface Alimentaire - Grand supermarché (surface de vente comprise entre 1 000 m² et 2 500 m²)","Grand supermarché (Valeur par défaut)",3448,7022284,2299691564
"2021","Commerce alimentaire","Commerce - Grande Surface Alimentaire - Grand supermarché (surface de vente comprise entre 1 000 m² et 2 500 m²)","Grand supermarché - Accueil et zone de caisses",5,11338,4821214
"2021","Commerce alimentaire","Commerce - Grande Surface Alimentaire - Grand supermarché (surface de vente comprise entre 1 000 m² et 2 500 m²)","Grand supermarché - Administration et bureaux",6,17242,5226910
"2021","Commerce alimentaire","Commerce - Grande Surface Alimentaire - Grand supermarché (surface de vente comprise entre 1 000 m² et 2 500 m²)","Grand supermarché - Réserve et Drive Froid négatif",4,8848,2202483
"2021","Commerce alimentaire","Commerce - Grande Surface Alimentaire - Grand supermarché (surface de vente comprise entre 1 000 m² et 2 500 m²)","Grand supermarché - Réserve et Drive Froid positif",3,5504,3004772
"2021","Commerce alimentaire","Commerce - Grande Surface Alimentaire - Grand supermarché (surface de vente comprise entre 1 000 m² et 2 500 m²)","Grand supermarché - Réserve et Drive température ambiante",47,114549,33315785
"2021","Commerce alimentaire","Commerce - Grande Surface Alimentaire - Grand supermarché (surface de vente comprise entre 1 000 m² et 2 500 m²)","Grand supermarché - Station service",3,10142,2503159
"2021","Commerce alimentaire","Commerce - Grande Surface Alimentaire - Grand supermarché (surface de vente comprise entre 1 000 m² et 2 500 m²)","Grand supermarché - Zone de vente - Textile, bazar, maison et bricolage",4,8449,3934294
"2021","Commerce alimentaire","Commerce - Grande Surface Alimentaire - Grand supermarché (surface de vente comprise entre 1 000 m² et 2 500 m²)","Grand supermarché - Zone de vente Produits de grande consommation (épicerie, boissons, produits d'entretien de la personne et de la maison)",314,813225,263744122
"2021","Commerce alimentaire","Commerce - Grande Surface Alimentaire - Grand supermarché (surface de vente comprise entre 1 000 m² et 2 500 m²)","Grand supermarché - Zone de vente Produits frais et surgelés - Froid positif et négatif",174,460266,137180728
"2021","Commerce alimentaire","Commerce - Grande Surface Alimentaire - Grand supermarché (surface de vente comprise entre 1 000 m² et 2 500 m²)","Grand supermarché - Zone de vente primeur",8,18718,7100957
"2021","Commerce alimentaire","Commerce - Grande Surface Alimentaire - Hypermarché (surface de vente supérieure à 2 500 m²)","Hypermarché (Valeur par défaut)",1902,17103084,4829272901
"2021","Commerce alimentaire","Commerce - Grande Surface Alimentaire - Hypermarché (surface de vente supérieure à 2 500 m²)","Hypermarché - Administration et bureaux",6,55158,12910226
"2021","Commerce alimentaire","Commerce - Grande Surface Alimentaire - Hypermarché (surface de vente supérieure à 2 500 m²)","Hypermarché - Réserve et Drive Froid positif",3,10719,2352978
"2021","Commerce alimentaire","Commerce - Grande Surface Alimentaire - Hypermarché (surface de vente supérieure à 2 500 m²)","Hypermarché - Réserve et Drive température ambiante",125,1396006,314703755
"2021","Commerce alimentaire","Commerce - Grande Surface Alimentaire - Hypermarché (surface de vente supérieure à 2 500 m²)","Hypermarché - Station service",3,82740,11914809
"2021","Commerce alimentaire","Commerce - Grande Surface Alimentaire - Hypermarché (surface de vente supérieure à 2 500 m²)","Hypermarché - Zone de vente - Textile, bazar, maison et bricolage",11,63254,19878832
"2021","Commerce alimentaire","Commerce - Grande Surface Alimentaire - Hypermarché (surface de vente supérieure à 2 500 m²)","Hypermarché - Zone de vente Produits de grande consommation (épicerie, boissons, produits d'entretien de la personne et de la maison)",166,1312042,366763490
"2021","Commerce alimentaire","Commerce - Grande Surface Alimentaire - Hypermarché (surface de vente supérieure à 2 500 m²)","Hypermarché - Zone de vente Produits frais et surgelés - Froid positif et négatif",22,171466,38925607
"2021","Commerce alimentaire","Commerce - Grande Surface Alimentaire - Hypermarché (surface de vente supérieure à 2 500 m²)","Hypermarché - Zone de vente primeur",4,23318,7171333
"2021","Commerce alimentaire","Commerce - Grande Surface Alimentaire - Hypermarché (surface de vente supérieure à 2 500 m²)","Stationnement en infrastructure (Sous-sol en ventilation mécanique)",5,56259,9216740
"2021","Commerce alimentaire","Commerce - Grande Surface Alimentaire - Petit supermarché (surface de vente comprise entre 400 m² et 1 000 m²)","Petit supermarché (Valeur par défaut)",1313,1541800,449865840
"2021","Commerce alimentaire","Commerce - Grande Surface Alimentaire - Petit supermarché (surface de vente comprise entre 400 m² et 1 000 m²)","Petit supermarché - Administration et bureaux",7,7976,1918738
"2021","Commerce alimentaire","Commerce - Grande Surface Alimentaire - Petit supermarché (surface de vente comprise entre 400 m² et 1 000 m²)","Petit supermarché - Réserve et Drive température ambiante",10,12680,3252938
"2021","Commerce alimentaire","Commerce - Grande Surface Alimentaire - Petit supermarché (surface de vente comprise entre 400 m² et 1 000 m²)","Petit supermarché - Station service",13,15759,4284853
"2021","Commerce alimentaire","Commerce - Grande Surface Alimentaire - Petit supermarché (surface de vente comprise entre 400 m² et 1 000 m²)","Petit supermarché - Zone de vente - Textile, bazar, maison et bricolage",7,5956,871043
"2021","Commerce alimentaire","Commerce - Grande Surface Alimentaire - Petit supermarché (surface de vente comprise entre 400 m² et 1 000 m²)","Petit supermarché - Zone de vente Produits de grande consommation (épicerie, boissons, produits d'entretien de la personne et de la maison)",137,157062,56845638
"2021","Commerce alimentaire","Commerce - Grande Surface Alimentaire - Petit supermarché (surface de vente comprise entre 400 m² et 1 000 m²)","Petit supermarché - Zone de vente Produits frais et surgelés - Froid positif et négatif",29,25788,8470019
"2021","Commerce alimentaire","Commerce - Grande Surface Alimentaire - Petit supermarché (surface de vente comprise entre 400 m² et 1 000 m²)","Petit supermarché - Zone de vente primeur",14,13346,3312039
"2021","Commerce alimentaire","Commerce - Grande Surface Alimentaire - Supérette (surface de vente < 400 m²)","Supérette (Valeur par défaut)",79,22246,8723800
"2021","Commerce alimentaire","Commerce - Grande Surface Alimentaire - Supérette (surface de vente < 400 m²)","Supérette - Administration et bureaux",3,1154,214830
"2021","Commerce alimentaire","Commerce - Grande Surface Alimentaire - Supérette (surface de vente < 400 m²)","Supérette - Réserve et Drive Froid positif",24,3063,1048270
"2021","Commerce alimentaire","Commerce - Grande Surface Alimentaire - Supérette (surface de vente < 400 m²)","Supérette - Réserve et Drive température ambiante",5,2137,125469
"2021","Commerce alimentaire","Commerce - Grande Surface Alimentaire - Supérette (surface de vente < 400 m²)","Supérette - Zone de vente froid positif et négatif",93,35374,17219148
"2021","Commerce alimentaire","Commerce - Grande Surface Alimentaire - Supérette (surface de vente < 400 m²)","Supérette - Zone de vente hors froid",21,9761,3178567
"2021","Commerce alimentaire","Commerces et services de détail - Alimentaire","Commerces et service de détail - Alimentaire (Valeur par défaut)",460,87981,27897875
"2021","Commerce alimentaire","Commerces et services de détail - Alimentaire","Commerces et service de détail - Alimentaire - Administration et bureaux",29,11546,1697458
"2021","Commerce alimentaire","Commerces et services de détail - Alimentaire","Commerces et service de détail - Alimentaire - Réserve froid ambiante",9,10122,466745
"2021","Commerce alimentaire","Commerces et services de détail - Alimentaire","Commerces et service de détail - Alimentaire - Réserve froid négatif",5,1360,779618
"2021","Commerce alimentaire","Commerces et services de détail - Alimentaire","Commerces et service de détail - Alimentaire - Réserve froid positif",15,4261,1032021
"2021","Commerce alimentaire","Commerces et services de détail - Alimentaire","Commerces et service de détail - Boucherie, Charcuterie - Zone vente",48,11863,3850123
"2021","Commerce alimentaire","Commerces et services de détail - Alimentaire","Commerces et service de détail - Boulangerie, Pâtisserie - Zone vente",401,112671,89508895
"2021","Commerce alimentaire","Commerces et services de détail - Alimentaire","Commerces et service de détail - Chocolatier, Confiseur - Zone vente",142,24013,3915400
"2021","Commerce alimentaire","Commerces et services de détail - Alimentaire","Commerces et service de détail - Epicerie, Caviste - Zone vente",167,48974,7439976
"2021","Commerce alimentaire","Commerces et services de détail - Alimentaire","Commerces et service de détail - Fromagerie, Crèmerie - Zone vente",5,358,269824
"2021","Commerce alimentaire","Commerces et services de détail - Alimentaire","Commerces et service de détail - Primeurs - Zone vente",57,26779,7062681
"2021","Commerce alimentaire","Commerces et services de détail - Alimentaire","Commerces et service de détail - Surgelés - Zone vente",204,72424,31689761
"2021","Commerce alimentaire","Commerces et services de détail - Alimentaire","Commerces et service de détail - Traiteur - Zone vente",15,3652,597284
"2021","Commerce de gros","Commerce de gros","Commerce de gros (Valeur par défaut)",1793,4196823,453331579
"2021","Commerce de gros","Commerce de gros","Commerce de gros - Administration et bureaux",377,583894,52202678
"2021","Commerce de gros","Commerce de gros","Commerce de gros - Autres produits alimentaires - Zone en température dirigée",54,150434,24921398
"2021","Commerce de gros","Commerce de gros","Commerce de gros - Boucherie - Zone en température dirigée",9,8991,3547987
"2021","Commerce de gros","Commerce de gros","Commerce de gros - Charcuterie et salaison - Zone en température dirigée",3,9377,1558141
"2021","Commerce de gros","Commerce de gros","Commerce de gros - Crèmerie, Fromagerie - Zone en température dirigée",7,15733,3389078
"2021","Commerce de gros","Commerce de gros","Commerce de gros - Fleurs et végétaux - Zone en température dirigée",22,42982,8306969
"2021","Commerce de gros","Commerce de gros","Commerce de gros - Primeurs - Zone en température dirigée",68,181921,28259950
"2021","Commerce de gros","Commerce de gros","Commerce de gros - Produits de la mer - Zone en température dirigée",11,21270,8297608
"2021","Commerce de gros","Commerce de gros","Commerce de gros - Produits non périssables - Zone en température ambiante",1056,2967683,199673244
"2021","Commerce de gros","Commerce de gros","Commerce de gros - Volailler et gibiers - Zone en température dirigée",4,3826,1271274
"2021","Commerce de gros","Commerce de gros","Commerce de gros - Zone de présentation en température ambiante",363,715215,85851691
"2021","Commerce de gros","Commerce de gros","Entrepôt ou messagerie sans besoin de maintien en température du produit (avec ou sans maintien hors-gel des locaux)",8,18746,1659270
"2021","Commerce non alimentaire","Commerce - Grande Surface Spécialisée - Equipement automobile et Moto","GSS - Equipement automobile et moto (Valeur par défaut)",303,503301,54235377
"2021","Commerce non alimentaire","Commerce - Grande Surface Spécialisée - Equipement automobile et Moto","GSS - Zone ateliers - Equipement automobile et moto",86,363659,69972983
"2021","Commerce non alimentaire","Commerce - Grande Surface Spécialisée - Equipement automobile et Moto","GSS - Zone de réserve - Equipement automobile et moto",28,69038,4363242
"2021","Commerce non alimentaire","Commerce - Grande Surface Spécialisée - Equipement automobile et Moto","GSS - Zone de vente - Equipement automobile et moto",144,210285,20274191
"2021","Commerce non alimentaire","Commerce - Grande Surface Spécialisée - Equipement de la maison","Entrepôt ou messagerie sans besoin de maintien en température du produit (avec ou sans maintien hors-gel des locaux)",3,19218,663700
"2021","Commerce non alimentaire","Commerce - Grande Surface Spécialisée - Equipement de la maison","GSS - Administration et bureaux",5,8678,876661
"2021","Commerce non alimentaire","Commerce - Grande Surface Spécialisée - Equipement de la maison","GSS - Equipement de la maison (Valeur par défaut)",900,1989416,218558734
"2021","Commerce non alimentaire","Commerce - Grande Surface Spécialisée - Equipement de la maison","GSS - Zone de réserve Equipement de la maison - Température ambiante",70,268608,16943807
"2021","Commerce non alimentaire","Commerce - Grande Surface Spécialisée - Equipement de la maison","GSS - Zone de vente - Ameublement, Cuisines et Salles de bains, Art de la table",468,1700228,149409782
"2021","Commerce non alimentaire","Commerce - Grande Surface Spécialisée - Equipement de la maison","GSS - Zone de vente - Electroménager",251,966618,79502204
"2021","Commerce non alimentaire","Commerce - Grande Surface Spécialisée - Equipement de la maison","GSS - Zone de vente - Jardinerie",163,444251,50248313
"2021","Commerce non alimentaire","Commerce - Grande Surface Spécialisée - Equipement de la maison","GSS - Zone de vente - Luminaires",55,50451,4236491
"2021","Commerce non alimentaire","Commerce - Grande Surface Spécialisée - Equipement de la personne et loisirs","GSS - Administration et bureaux",8,44517,5191194
"2021","Commerce non alimentaire","Commerce - Grande Surface Spécialisée - Equipement de la personne et loisirs","GSS - Equipement de la personne et Loisirs (Valeur par défaut)",809,1437987,149765570
"2021","Commerce non alimentaire","Commerce - Grande Surface Spécialisée - Equipement de la personne et loisirs","GSS - Zone de réserve Equipement de la personne et loisirs - Température ambiante",16,20612,1949063
"2021","Commerce non alimentaire","Commerce - Grande Surface Spécialisée - Equipement de la personne et loisirs","GSS - Zone de vente - Culture, Média et Loisirs (Librairie, téléphonie, produits culturels et technologiques, jeux et loisirs)",460,742321,79820549
"2021","Commerce non alimentaire","Commerce - Grande Surface Spécialisée - Equipement de la personne et loisirs","GSS - Zone de vente - Equipement de la personne (Vêtements , Lingerie, Linge de maison, Chaussures, Maroquinerie et bagages)",825,1128101,149048927
"2021","Commerce non alimentaire","Commerce - Grande Surface Spécialisée - Equipement de la personne et loisirs","GSS - Zone de vente - Santé, Soins & Beauté (Pharmacie, Parapharmacie, Opticien, Beauté & bien être, Parfumerie…)",40,42870,5283820
"2021","Commerce non alimentaire","Commerce - Grande Surface Spécialisée - Equipement de la personne et loisirs","GSS - Zone de vente - Sports et Outdoor",159,337153,34722277
"2021","Commerce non alimentaire","Commerce - Grande Surface de Bricolage","GSB (Valeur par défaut)",1439,4799358,408457773
"2021","Commerce non alimentaire","Commerce - Grande Surface de Bricolage","GSB - Administration et bureaux",55,99877,5090524
"2021","Commerce non alimentaire","Commerce - Grande Surface de Bricolage","GSB - Atelier clients",12,24381,1705815
"2021","Commerce non alimentaire","Commerce - Grande Surface de Bricolage","GSB - Cours matériaux couverte (espace d'exposition éclairé et non chauffé)",234,983381,40828824
"2021","Commerce non alimentaire","Commerce - Grande Surface de Bricolage","GSB - Cours matériaux non couverte (extérieur - appoint éclairage)",110,951341,39724812
"2021","Commerce non alimentaire","Commerce - Grande Surface de Bricolage","GSB - Réserve température ambiante",1330,4061368,186635715
"2021","Commerce non alimentaire","Commerce - Grande Surface de Bricolage","GSB - Zone de vente non électro-intensif",1178,4840297,365977193
"2021","Commerce non alimentaire","Commerce - Grande Surface de Bricolage","GSB - Zone de vente électro-intensif (présentation luminaires)",49,191936,16488970
"2021","Commerce non alimentaire","Commerce - Grande Surface de Bricolage","GSB - Zone découpe matériau",5,11163,831832
"2021","Commerce non alimentaire","Commerces et services de détail - Equipement de la maison","Commerces et service de détail - Ameublement - Zone vente",1011,1071471,87769297
"2021","Commerce non alimentaire","Commerces et services de détail - Equipement de la maison","Commerces et service de détail - Animalerie - Zone vente",277,206163,22365426
"2021","Commerce non alimentaire","Commerces et services de détail - Equipement de la maison","Commerces et service de détail - Art de la table - Zone vente",22,10740,1076413
"2021","Commerce non alimentaire","Commerces et services de détail - Equipement de la maison","Commerces et service de détail - Bricolage, Décoration - Zone vente",344,305121,29613757
"2021","Commerce non alimentaire","Commerces et services de détail - Equipement de la maison","Commerces et service de détail - Cuisine, Salles de bains - Zone vente",121,73393,6136109
"2021","Commerce non alimentaire","Commerces et services de détail - Equipement de la maison","Commerces et service de détail - Electroménager, Vidéo et HIFI - Zone vente",98,62503,5435697
"2021","Commerce non alimentaire","Commerces et services de détail - Equipement de la maison","Commerces et service de détail - Equipement de la maison (Valeur par défaut)",1206,1160655,82189699
"2021","Commerce non alimentaire","Commerces et services de détail - Equipement de la maison","Commerces et service de détail - Equipement de la maison - Administration et bureaux",73,59209,5028438
"2021","Commerce non alimentaire","Commerces et services de détail - Equipement de la maison","Commerces et service de détail - Equipement de la maison - Réserve d'approche",182,487310,55543005
"2021","Commerce non alimentaire","Commerces et services de détail - Equipement de la maison","Commerces et service de détail - Fleuriste - Zone vente",62,13779,1900357
"2021","Commerce non alimentaire","Commerces et services de détail - Equipement de la maison","Commerces et service de détail - Jardinerie - Zone vente",108,142637,17470722
"2021","Commerce non alimentaire","Commerces et services de détail - Equipement de la maison","Commerces et service de détail - Luminaire - Zone vente",5,2750,219948
"2021","Commerce non alimentaire","Commerces et services de détail - Equipement de la maison","Commerces et service de détail - Service et Réparation de produits et équipements - Accueil public et process",67,58882,3489908
"2021","Commerce non alimentaire","Commerces et services de détail - Equipement de la maison","Entrepôt ou messagerie sans besoin de maintien en température du produit (avec ou sans maintien hors-gel des locaux)",5,9791,675709
"2021","Commerce non alimentaire","Commerces et services de détail - Equipement de la personne et loisirs","Commerces et service de détail - Accessoire de mode (Bijouterie, …) - Zone de vente",706,96303,18748648
"2021","Commerce non alimentaire","Commerces et services de détail - Equipement de la personne et loisirs","Commerces et service de détail - Bien être (Sauna et Hammam) - Zone Public",20,14910,1834458
"2021","Commerce non alimentaire","Commerces et services de détail - Equipement de la personne et loisirs","Commerces et service de détail - Culture, Média et Loisirs (Libraire, produits culturels, jeux et loisirs...) - Zone de vente",526,168928,19720951
"2021","Commerce non alimentaire","Commerces et services de détail - Equipement de la personne et loisirs","Commerces et service de détail - Equipement de la personne (Vêtements, lingeries, linges de maison, chaussures, maroquinerie et bagages...) - Zone de vente",4314,2079919,236726829
"2021","Commerce non alimentaire","Commerces et services de détail - Equipement de la personne et loisirs","Commerces et service de détail - Equipement de la personne et Loisirs (Valeur par défaut)",4342,1891371,251955700
"2021","Commerce non alimentaire","Commerces et services de détail - Equipement de la personne et loisirs","Commerces et service de détail - Equipement de la personne et Loisirs - Administration et bureaux",259,260516,46571547
"2021","Commerce non alimentaire","Commerces et services de détail - Equipement de la personne et loisirs","Commerces et service de détail - Equipement de la personne et Loisirs - Réserve d'approche",71,33219,2038915
"2021","Commerce non alimentaire","Commerces et services de détail - Equipement de la personne et loisirs","Commerces et service de détail - Numérique et téléphonie - Zone vente",493,70203,15333954
"2021","Commerce non alimentaire","Commerces et services de détail - Equipement de la personne et loisirs","Commerces et service de détail - Santé Optique - Zone vente",741,125185,17732844
"2021","Commerce non alimentaire","Commerces et services de détail - Equipement de la personne et loisirs","Commerces et service de détail - Santé, Soins (Pharmacie, Parapharmacie) - Zone vente",323,100153,12496001
"2021","Commerce non alimentaire","Commerces et services de détail - Equipement de la personne et loisirs","Commerces et service de détail - Service Conseil (Agences de voyages…) - Zone vente",95,19311,2195778
"2021","Commerce non alimentaire","Commerces et services de détail - Equipement de la personne et loisirs","Commerces et service de détail - Service Laverie automatique - Zone public",5,346,176802
"2021","Commerce non alimentaire","Commerces et services de détail - Equipement de la personne et loisirs","Commerces et service de détail - Service Pressing - Accueil public et process",69,5482,2567295
"2021","Commerce non alimentaire","Commerces et services de détail - Equipement de la personne et loisirs","Commerces et service de détail - Services Equipements de la personne (Cordonnerie, Couturier,…) - Accueil public et process",40,6778,972014
"2021","Commerce non alimentaire","Commerces et services de détail - Equipement de la personne et loisirs","Commerces et service de détail - Soins & Beauté (Beauté & bien être) - Zone soins",236,40054,7638990
"2021","Commerce non alimentaire","Commerces et services de détail - Equipement de la personne et loisirs","Commerces et service de détail - Soins & Beauté (Parfumerie, cosmétique…) - Zone vente",319,52067,8730933
"2021","Commerce non alimentaire","Commerces et services de détail - Equipement de la personne et loisirs","Commerces et service de détail - Soins de la personne (Coiffeur, Salon d'esthétique, Massage) - Zone vente",870,78843,17603848
"2021","Commerce non alimentaire","Commerces et services de détail - Equipement de la personne et loisirs","Commerces et service de détail - Sports et Outdoor - Zone vente",301,332764,35460458
"2021","Culture","Culture et spectacles - Bibliothèque, médiathèque et service d'archives","Bibliothèque, médiathèque et service d'archives - Administration et bureaux (Bureaux Standards)",78,188855,20223453
"2021","Culture","Culture et spectacles - Bibliothèque, médiathèque et service d'archives","Bibliothèque, médiathèque et service d'archives - ERP - Salle de lecture, d'exposition, de conférences, hall d'accueil",287,658311,85832503
"2021","Culture","Culture et spectacles - Bibliothèque, médiathèque et service d'archives","Bibliothèque, médiathèque et service d'archives - Valeur par défaut",712,1655997,203731221
"2021","Culture","Culture et spectacles - Bibliothèque, médiathèque et service d'archives","Bibliothèque, médiathèque et service d'archives - Zone de conservation des collections sans contrôle hygrométrique",19,62038,4111917
"2021","Culture","Culture et spectacles - Bibliothèque, médiathèque et service d'archives","Bibliothèque, médiathèque et service d'archives - Zone de conservation et de traitement des collections avec contrôle climatique complet (température et hygrométrie)",52,396073,46666098
"2021","Culture","Culture et spectacles - Cinéma","Cinéma - Accueil du public et couloirs",6,13991,1990023
"2021","Culture","Culture et spectacles - Cinéma","Cinéma - Administration et bureaux (Bureaux Standards)",9,22516,4599161
"2021","Culture","Culture et spectacles - Cinéma","Cinéma - Salle de cinéma et cabine de projection",128,485795,67723316
"2021","Culture","Culture et spectacles - Cinéma","Cinéma - Valeur par défaut",227,916808,110686346
"2021","Culture","Culture et spectacles - Espèces vivantes","Espèces vivantes (Valeur par défaut)",22,55835,10636580
"2021","Culture","Culture et spectacles - Espèces vivantes","Espèces vivantes - Administration et bureaux (Bureaux Standards)",23,23507,6260213
"2021","Culture","Culture et spectacles - Espèces vivantes","Espèces vivantes - Aquarium et vivarium",8,67187,21967580
"2021","Culture","Culture et spectacles - Espèces vivantes","Espèces vivantes - Parc zoologique (Enclos fermés et couverts d'hébergement des animaux)",11,42642,9209463
"2021","Culture","Culture et spectacles - Espèces vivantes","Espèces vivantes - Serres",28,102197,24752825
"2021","Culture","Culture et spectacles - Espèces vivantes","Espèces vivantes - Zone de soins vétérinaires",5,2203,148575
"2021","Culture","Culture et spectacles - Musée ou centre d'art avec protection patrimoniale","Musée ou centre d'art avec protection patrimoniale - Administration et bureaux (Bureaux Standards)",22,87948,15126949
"2021","Culture","Culture et spectacles - Musée ou centre d'art avec protection patrimoniale","Musée ou centre d'art avec protection patrimoniale - Salle d'exposition (tout type de traitement d'air)",172,914974,152013282
"2021","Culture","Culture et spectacles - Musée ou centre d'art avec protection patrimoniale","Musée ou centre d'art avec protection patrimoniale - Valeur par défaut",240,893509,117916889
"2021","Culture","Culture et spectacles - Musée ou centre d'art avec protection patrimoniale","Musée ou centre d'art avec protection patrimoniale - Zone de conservation des collections avec contrôle climatique complet (température et hygrométrie)",15,77279,17009418
"2021","Culture","Culture et spectacles - Musée ou centre d'art avec protection patrimoniale","Musée ou centre d'art avec protection patrimoniale - Zone de conservation des collections sans contrôle hygrométrique",17,61042,5231240
"2021","Culture","Culture et spectacles - Musée ou centre d'art sans protection patrimoniale","Musée ou centre d'art sans protection patrimoniale - Administration et bureaux (Bureaux Standards)",30,88977,16349689
"2021","Culture","Culture et spectacles - Musée ou centre d'art sans protection patrimoniale","Musée ou centre d'art sans protection patrimoniale - Salle d'animation audiovisuelle",8,8689,855958
"2021","Culture","Culture et spectacles - Musée ou centre d'art sans protection patrimoniale","Musée ou centre d'art sans protection patrimoniale - Salle d'exposition (tout type de traitement d'air)",231,647829,86079283
"2021","Culture","Culture et spectacles - Musée ou centre d'art sans protection patrimoniale","Musée ou centre d'art sans protection patrimoniale - Valeur par défaut",266,794627,115300026
"2021","Culture","Culture et spectacles - Musée ou centre d'art sans protection patrimoniale","Musée ou centre d'art sans protection patrimoniale - Zone de conservation des collections avec contrôle climatique complet (température et hygrométrie)",21,91668,19026816
"2021","Culture","Culture et spectacles - Musée ou centre d'art sans protection patrimoniale","Musée ou centre d'art sans protection patrimoniale - Zone de conservation des collections sans contrôle hygrométrique",18,62340,6973332
"2021","Culture","Culture et spectacles - Salle de spectacles vivants sans protection patrimoniale","Bibliothèque, médiathèque et service d'archives - ERP - Salle de lecture, d'exposition, de conférences, hall d'accueil",4,14440,1636825
"2021","Culture","Culture et spectacles - Salle de spectacles vivants sans protection patrimoniale","Bureaux - Bureaux standards",3,6374,954335
"2021","Culture","Culture et spectacles - Salle de spectacles vivants sans protection patrimoniale","Salle de spectacles vivants sans protection patrimoniale - Administration et bureaux (Bureaux Standards)",77,238971,34419758
"2021","Culture","Culture et spectacles - Salle de spectacles vivants sans protection patrimoniale","Salle de spectacles vivants sans protection patrimoniale - Atelier et zone technique",23,114238,11296417
"2021","Culture","Culture et spectacles - Salle de spectacles vivants sans protection patrimoniale","Salle de spectacles vivants sans protection patrimoniale - Foyer et zone de convivialité",15,16490,1337787
"2021","Culture","Culture et spectacles - Salle de spectacles vivants sans protection patrimoniale","Salle de spectacles vivants sans protection patrimoniale - Loge des artistes",3,2877,233759
"2021","Culture","Culture et spectacles - Salle de spectacles vivants sans protection patrimoniale","Salle de spectacles vivants sans protection patrimoniale - Salle de spectacle et de répétition",968,2048038,260805658
"2021","Culture","Culture et spectacles - Salle de spectacles vivants sans protection patrimoniale","Salle de spectacles vivants sans protection patrimoniale - Valeur par défaut",1055,2812516,336944070
"2021","Culture","Culture et spectacles - Salle de spectacles vivants sans protection patrimoniale","Salle de spectacles vivants sans protection patrimoniale - Zone d'accueil du public",36,107904,15257355
"2021","Culture","Culture et spectacles - Salle de spectacles vivants sans protection patrimoniale","Salle de spectacles vivants sans protection patrimoniale - Zone de stockage sans contrôle hygrométrique",10,21275,1906769
"2021","Enseignement","Enseignement - Formation continue pour adultes","Formation continue pour adultes - Administration et bureaux (Bureaux Standards)",128,301939,36215401
"2021","Enseignement","Enseignement - Formation continue pour adultes","Formation continue pour adultes - Amphithéâtre, Auditorium, Salles de conférences",10,34311,4512331
"2021","Enseignement","Enseignement - Formation continue pour adultes","Formation continue pour adultes - Ateliers et Halles techniques avec Process",174,625162,71680089
"2021","Enseignement","Enseignement - Formation continue pour adultes","Formation continue pour adultes - Salles de formation et d'enseignement banalisé - Avec Process",219,1480912,245107288
"2021","Enseignement","Enseignement - Formation continue pour adultes","Formation continue pour adultes - Salles de formation et d'enseignement banalisé - Sans Process",267,616645,76518325
"2021","Enseignement","Enseignement - Formation continue pour adultes","Formation continue pour adultes - Valeur par défaut",354,771499,92379269
"2021","Enseignement","Enseignement Primaire","Accueil petite enfance - Crèche",3,5841,510128
"2021","Enseignement","Enseignement Primaire","Bureaux - Bureaux standards",13,63272,13227161
"2021","Enseignement","Enseignement Primaire","Enseignement Primaire - Administration et bureaux (Bureaux Standards)",371,824226,108462470
"2021","Enseignement","Enseignement Primaire","Enseignement Primaire - Internat primaire",9,29518,3770523
"2021","Enseignement","Enseignement Primaire","Enseignement Primaire - Salles d'enseignement Elémentaire",4410,11107150,1347613274
"2021","Enseignement","Enseignement Primaire","Enseignement Primaire - Salles d'enseignement Maternelle",2144,3588401,432864115
"2021","Enseignement","Enseignement Primaire","Enseignement Primaire - Salles multi activité et Périscolaire",740,1178678,146779709
"2021","Enseignement","Enseignement Primaire","Enseignement Primaire - Valeur par défaut",4308,10187362,1138660118
"2021","Enseignement","Enseignement Primaire","Enseignement Secondaire - Collège - Salles d'enseignements généraux",5,21310,2341111
"2021","Enseignement","Enseignement Primaire","Gymnase (applicable à : Cesta punta, Salle d'escalade, Squash ou Tennis couvert…)",11,56627,7053322
"2021","Enseignement","Enseignement Primaire","Restauration collective scolaire et universitaire",15,27965,3722321
"2021","Enseignement","Enseignement Primaire","Salle de spectacles vivants sans protection patrimoniale - Salle de spectacle et de répétition",9,16592,1557812
"2021","Enseignement","Enseignement Primaire","Salle de sport collectif (Basket ball, Hand ball, Volley ball, Futsal…)",15,98580,11826431
"2021","Enseignement","Enseignement Primaire","Salle de sport de cours collectifs (fitness, pilates…)",3,17504,2161510
"2021","Enseignement","Enseignement Secondaire","Enseignement Primaire - Salles d'enseignement Elémentaire",5,13738,1373533
"2021","Enseignement","Enseignement Secondaire","Enseignement Secondaire - Administration et bureaux (Bureaux Standards)",98,713471,81243987
"2021","Enseignement","Enseignement Secondaire","Enseignement Secondaire - Collège - Salles d'enseignements généraux",2557,14827256,1551060383
"2021","Enseignement","Enseignement Secondaire","Enseignement Secondaire - Collège - Salles d'enseignements professionnels adaptés",14,105372,12570003
"2021","Enseignement","Enseignement Secondaire","Enseignement Secondaire - Etablissement régional d'enseignement adapté",119,1322817,178624008
"2021","Enseignement","Enseignement Secondaire","Enseignement Secondaire - Internat secondaire",123,578300,75780676
"2021","Enseignement","Enseignement Secondaire","Enseignement Secondaire - Lycée d'enseignement général (LG) ou Salles d'enseignement banalisé - Toutes séries confondues",1076,16440677,1782491512
"2021","Enseignement","Enseignement Secondaire","Enseignement Secondaire - Lycée d'enseignement général et techhnologique agricole - Lycée d'enseignement professionnel agricole",206,2257603,264695600
"2021","Enseignement","Enseignement Secondaire","Enseignement Secondaire - Lycée d'enseignement professionnel",709,8532494,879704929
"2021","Enseignement","Enseignement Secondaire","Enseignement Secondaire - Salles de TP",65,464465,56441093
"2021","Enseignement","Enseignement Secondaire","Enseignement Secondaire - Valeur par défaut",2496,17351036,1773413000
"2021","Enseignement","Enseignement Secondaire","Formation continue pour adultes - Ateliers et Halles techniques avec Process",3,46886,5298516
"2021","Enseignement","Enseignement Secondaire","Gymnase (applicable à : Cesta punta, Salle d'escalade, Squash ou Tennis couvert…)",4,14161,1199616
"2021","Enseignement","Enseignement Secondaire","Restauration collective scolaire et universitaire",3,14746,1177488
"2021","Enseignement","Enseignement Supérieur","Enseignement Supérieur - Administration et bureaux (Bureaux Standards)",140,1426920,219285177
"2021","Enseignement","Enseignement Supérieur","Enseignement Supérieur - Amphithéâtre, Auditorium, Salles de conférences",32,144084,18528986
"2021","Enseignement","Enseignement Supérieur","Enseignement Supérieur - Ateliers et Halles techniques avec Process",40,213909,29519512
"2021","Enseignement","Enseignement Supérieur","Enseignement Supérieur - Salles de formation, d'enseignement ou de TP",110,683590,90142552
"2021","Enseignement","Enseignement Supérieur","Enseignement Supérieur - Salles de formation, d'enseignement ou de vie de campus - Sans Process",440,2860348,407972563
"2021","Enseignement","Enseignement Supérieur","Enseignement Supérieur - Valeur par défaut",752,4664655,625257970
"2021","Evenementiel","Parc d'expositions","Parc d'expositions - Administration et bureaux (Bureaux Standards)",4,16209,2639129
"2021","Evenementiel","Parc d'expositions","Parc d'expositions - Halles d'expositions",68,789881,58403119
"2021","Evenementiel","Parc d'expositions","Parc d'expositions - Valeur par défaut",46,737610,59025119
"2021","Evenementiel","Sports","Bureaux - Bureaux standards",3,24229,3033333
"2021","Evenementiel","Sports","Centre équestre",27,85497,2470437
"2021","Evenementiel","Sports","Enseignement Primaire - Salles d'enseignement Elémentaire",4,17686,2797075
"2021","Evenementiel","Sports","Entrepôt ou messagerie sans besoin de maintien en température du produit (avec ou sans maintien hors-gel des locaux)",5,15518,2725329
"2021","Evenementiel","Sports","Gymnase (applicable à : Cesta punta, Salle d'escalade, Squash ou Tennis couvert…)",1912,4445233,434389907
"2021","Evenementiel","Sports","Patinoire, dont vestiaires, douches et sanitaires",44,239890,81278829
"2021","Evenementiel","Sports","Piscine, dont vestiaires, douches et sanitaires",768,2390543,1362592965
"2021","Evenementiel","Sports","Récupération sportive (Massage - Cryothérapie en bassin ou cabine), Sauna, Hammam",5,50710,18219624
"2021","Evenementiel","Sports","Salle d'athlétisme couverte",13,79860,5883695
"2021","Evenementiel","Sports","Salle de danse",62,50500,5554511
"2021","Evenementiel","Sports","Salle de spectacles vivants sans protection patrimoniale - Salle de spectacle et de répétition",8,24197,4197135
"2021","Evenementiel","Sports","Salle de sport collectif (Basket ball, Hand ball, Volley ball, Futsal…)",2214,5304510,511779818
"2021","Evenementiel","Sports","Salle de sport de combat (Dojo)",130,203438,21314819
"2021","Evenementiel","Sports","Salle de sport de cours collectifs (fitness, pilates…)",330,608271,58632746
"2021","Evenementiel","Sports","Salle de sport de pratique individuelle (Machines cardio et musculation)",657,878964,90752553
"2021","Evenementiel","Sports","Sports - Administration et bureaux (bureaux standards)",165,195720,27117653
"2021","Evenementiel","Sports","Sports - Valeur par défaut",1740,4381568,513399580
"2021","Evenementiel","Sports","Sports - Vestiaires, douches et sanitaires (sauf vestiaires de piscines et patinoires)",485,588434,79990941
"2021","Evenementiel","Sports","Stade/vélodrome - couvert",82,310281,29208193
"2021","Evenementiel","Sports","Stade/vélodrome, Hippodrome et Cynodrome - non couvert",171,935154,113535294
"2021","Evenementiel","Sports","Stand de tir",19,69278,2013716
"2021","Halles","Halles et marchés couverts","Halles et marchés couverts (Valeur par défaut)",105,220446,22353159
"2021","Halles","Halles et marchés couverts","Halles et marchés couverts - Etale ou stand alimentaire",34,77125,8586145
"2021","Halles","Halles et marchés couverts","Halles et marchés couverts - Etale ou stand non-alimentaire",6,31332,2977243
"2021","Halles","Halles et marchés couverts","Halles et marchés couverts - Partie commune (mail et locaux technique)",14,26765,3192406
"2021","Hébergement touristique","Hébergement touristique de courte durée (auberge de jeunesse, centre-sportif, colonies de vacances, gîte d'étape et refuge de montagne)","Hébergement touristique de courte durée - Administration et bureaux (bureaux standards)",16,51378,5319349
"2021","Hébergement touristique","Hébergement touristique de courte durée (auberge de jeunesse, centre-sportif, colonies de vacances, gîte d'étape et refuge de montagne)","Hébergement touristique de courte durée - Sanitaires et zone de couchages",203,544896,67953050
"2021","Hébergement touristique","Hébergement touristique de courte durée (auberge de jeunesse, centre-sportif, colonies de vacances, gîte d'étape et refuge de montagne)","Hébergement touristique de courte durée - Valeur par défaut",382,1036827,118381737
"2021","Hébergement touristique","Hébergement touristique de courte durée (auberge de jeunesse, centre-sportif, colonies de vacances, gîte d'étape et refuge de montagne)","Hébergement touristique de courte durée - Zone de restauration",13,17059,2093416
"2021","Hébergement touristique","Résidences de tourisme et villages ou clubs de vacances","Résidence de tourisme, ERP, 2 étoiles - Appartements et services (hors restauration)",17,70278,10485083
"2021","Hébergement touristique","Résidences de tourisme et villages ou clubs de vacances","Résidence de tourisme, ERP, 3 étoiles - Appartements et services (hors restauration)",62,288225,31113078
"2021","Hébergement touristique","Résidences de tourisme et villages ou clubs de vacances","Résidence de tourisme, ERP, 4 étoiles - Appartements et services (hors restauration)",34,199191,39577115
"2021","Hébergement touristique","Résidences de tourisme et villages ou clubs de vacances","Résidence de tourisme, ERP, 5 étoiles et plus - Appartements et services (hors restauration)",4,16541,2528524
"2021","Hébergement touristique","Résidences de tourisme et villages ou clubs de vacances","Résidences de tourisme, ERP, 1 étoile et non classé - Appartements et services (hors restauration)",17,55200,6889652
"2021","Hébergement touristique","Résidences de tourisme et villages ou clubs de vacances","Résidences de tourisme, village ou club de vacances, ERP - Administration et bureaux (bureaux standard)",11,34311,2428127
"2021","Hébergement touristique","Résidences de tourisme et villages ou clubs de vacances","Résidences de tourisme, village ou club de vacances, ERP - Piscine intérieure",19,86149,37693946
"2021","Hébergement touristique","Résidences de tourisme et villages ou clubs de vacances","Résidences de tourisme, village ou club de vacances, ERP - Sauna et Hammam",4,2449,1027038
"2021","Hébergement touristique","Résidences de tourisme et villages ou clubs de vacances","Résidences de tourisme, village ou club de vacances, ERP - Valeur par défaut",193,1246904,133020796
"2021","Hébergement touristique","Résidences de tourisme et villages ou clubs de vacances","Village ou club de vacances, ERP, 1 étoile et non classé - Chambres et services (hors restauration)",7,17712,2004933
"2021","Hébergement touristique","Résidences de tourisme et villages ou clubs de vacances","Village ou club de vacances, ERP, 3 étoiles - Chambres et services (hors restauration)",39,207445,19168829
"2021","Hébergement touristique","Résidences de tourisme et villages ou clubs de vacances","Village ou club de vacances, ERP, 4 étoiles - Chambres et services (hors restauration)",6,25596,2871081
"2021","Hébergement touristique","Terrain de camping et parcs pour caravanes ou véhicules de loisirs","Terrain de camping - Administration et bureaux (Bureaux Standards)",6,7209,1019801
"2021","Hébergement touristique","Terrain de camping et parcs pour caravanes ou véhicules de loisirs","Terrain de camping - Blocs sanitaires",8,5148,1411662
"2021","Hébergement touristique","Terrain de camping et parcs pour caravanes ou véhicules de loisirs","Terrain de camping - Valeur par défaut",37,94701,14072556
"2021","Hôtels","Hôtellerie","Hôtel - Administration et bureaux (bureaux standards)",24,59066,10208424
"2021","Hôtels","Hôtellerie","Hôtel - Piscine extérieure chauffée",10,30144,3801143
"2021","Hôtels","Hôtellerie","Hôtel - Piscine intérieure",15,51765,12519604
"2021","Hôtels","Hôtellerie","Hôtel - Sauna et Hammam",6,24408,5866221
"2021","Hôtels","Hôtellerie","Hôtel - Valeur par défaut",1071,3453375,573397156
"2021","Hôtels","Hôtellerie","Hôtel 1 étoile et non classé - Chambres et services",218,327238,56657170
"2021","Hôtels","Hôtellerie","Hôtel 2 étoiles - Chambres et services",517,993714,136979340
"2021","Hôtels","Hôtellerie","Hôtel 3 étoiles - Chambres et services",1206,3047408,447127313
"2021","Hôtels","Hôtellerie","Hôtel 4 étoiles- Chambres et services",749,3588267,631019095
"2021","Hôtels","Hôtellerie","Hôtel 5 étoiles et plus - Chambres et services",176,1181302,276126534
"2021","Imprimerie","Imprimerie et reprographie","Imprimerie et reprographie - Administration et bureaux (Bureaux Standards)",26,55343,9699630
"2021","Imprimerie","Imprimerie et reprographie","Imprimerie et reprographie - Atelier d'imprimerie numérique",55,132449,31966456
"2021","Imprimerie","Imprimerie et reprographie","Imprimerie et reprographie - Atelier d'imprimerie offset",25,94266,32594857
"2021","Imprimerie","Imprimerie et reprographie","Imprimerie et reprographie - Local de stockage de matières premières et produits finis",13,62880,13935441
"2021","Imprimerie","Imprimerie et reprographie","Imprimerie et reprographie - Valeur par défaut",54,93810,38379036
"2021","Justice","Justice - Etablissements pénitentiaires","Etablissements pénitentiaires - Locaux hors zone de détention",27,334263,96556408
"2021","Justice","Justice - Etablissements pénitentiaires","Etablissements pénitentiaires - Zone de détention",34,420039,109755544
"2021","Justice","Justice - Protection Judiciaire de la Jeunesse","Protection Judiciaire de la Jeunesse - Hébergement des mineurs",19,70100,13117523
"2021","Justice","Justice - Protection Judiciaire de la Jeunesse","Protection Judiciaire de la Jeunesse - Valeur par défaut",9,22644,4050008
"2021","Justice","Justice - Tribunaux","Tribunaux - Administration et bureaux (Bureaux standards)",183,701577,106044742
"2021","Justice","Justice - Tribunaux","Tribunaux - Valeur par défaut",24,150510,20238506
"2021","Laboratoires","Laboratoires (hors périmètre médical : étalonnage, suivi écologique…)","Laboratoire - Administration et bureaux (Bureaux Standards)",64,148737,54758371
"2021","Laboratoires","Laboratoires (hors périmètre médical : étalonnage, suivi écologique…)","Laboratoire - Valeur par défaut",166,537643,181519281
"2021","Laboratoires","Laboratoires (hors périmètre médical : étalonnage, suivi écologique…)","Laboratoire - Zone laboratoire",66,418017,135581162
"2021","Local vacant","Local vacant","Local vacant",326,887824,87170435
"2021","Logistique","Logistique","Entrepôt ou messagerie sans besoin de maintien en température du produit (avec ou sans maintien hors-gel des locaux)",6928,48019888,3954363803
"2021","Logistique","Logistique","Entrepôt à température ambiante (évolution libre entre +12°C et +26°C) ou avec maintien hors-gel pour les besoins du produit",423,4102677,325878848
"2021","Logistique","Logistique","Logistique - Administration et bureaux (bureaux standards)",951,3452307,350689974
"2021","Logistique","Logistique","Logistique - Valeur par défaut",2206,14215396,1161764307
"2021","Logistique","Logistique","Logistique de froid négatif (Référence -18°C)",237,1484532,534742622
"2021","Logistique","Logistique","Logistique ou messagerie température dirigée +12 à +17°C - produits frais (référence à +15°C)",323,2285947,238949459
"2021","Logistique","Logistique","Logistique ou messagerie température dirigée froid positif +1 à +8°C - produits frais (référence à +3°C)",436,3073572,642251205
"2021","Nuit & Loisirs","Etablissement de nuit et de loisirs","Etablissement de nuit et de loisirs - Administration et bureaux (Bureaux Standards)",27,81402,22696853
"2021","Nuit & Loisirs","Etablissement de nuit et de loisirs","Etablissement de nuit et de loisirs - Bowling",31,99220,7168168
"2021","Nuit & Loisirs","Etablissement de nuit et de loisirs","Etablissement de nuit et de loisirs - Casino",105,344700,123332272
"2021","Nuit & Loisirs","Etablissement de nuit et de loisirs","Etablissement de nuit et de loisirs - Discothèque",19,23303,1561991
"2021","Nuit & Loisirs","Etablissement de nuit et de loisirs","Etablissement de nuit et de loisirs - Escape Game",13,4547,387778
"2021","Nuit & Loisirs","Etablissement de nuit et de loisirs","Etablissement de nuit et de loisirs - Espace Aqua ludique",11,33797,11084148
"2021","Nuit & Loisirs","Etablissement de nuit et de loisirs","Etablissement de nuit et de loisirs - Espace récréatif pour enfants",146,200232,19352036
"2021","Nuit & Loisirs","Etablissement de nuit et de loisirs","Etablissement de nuit et de loisirs - Laser Game",6,6292,226969
"2021","Nuit & Loisirs","Etablissement de nuit et de loisirs","Etablissement de nuit et de loisirs - Valeur par défaut",158,293462,46799415
"2021","Parc à thèmes","Parc d'attractions et parc à thèmes","Parc d'attractions et parc à thèmes - Administration et bureaux (Bureaux Standards)",7,17798,6322022
"2021","Parc à thèmes","Parc d'attractions et parc à thèmes","Parc d'attractions et parc à thèmes - Attraction bâtiment semi-ouvert",5,115213,27894006
"2021","Parc à thèmes","Parc d'attractions et parc à thèmes","Parc d'attractions et parc à thèmes - Valeur par défaut",126,418817,127061772
"2021","Parties communes CC","Parties communes des centres commerciaux et des galeries commerciales","C Commercial et G Commerciale (Valeur par défaut)",409,1179248,180506330
"2021","Parties communes CC","Parties communes des centres commerciaux et des galeries commerciales","C Commercial et G Commerciale - Administration et bureaux",15,17753,1713400
"2021","Parties communes CC","Parties communes des centres commerciaux et des galeries commerciales","C Commercial et G Commerciale - Zones accessibles au public",467,1387633,240084921
"2021","Parties communes CC","Parties communes des centres commerciaux et des galeries commerciales","C Commercial et G Commerciale - Zones techniques Commerces",30,42871,8125798
"2021","Restauration","Restauration - Débit de boissons","Bar et café (sans restauration)",59,36217,8093135
"2021","Restauration","Restauration - Débit de boissons","Cafétéria (service de boissons chaudes, sandwiches et plats à réchauffer au micro-ondes)",121,114063,40360281
"2021","Restauration","Restauration - Débit de boissons","Restaurant gastronomique",32,46616,12674705
"2021","Restauration","Restauration - Débit de boissons","Restaurant traditionnel ou Brasserie",621,319369,105150351
"2021","Restauration","Restauration - Débit de boissons","Restauration - Valeur par défaut",664,493062,142677384
"2021","Restauration","Restauration - Débit de boissons","Restauration collective - Cuisine centrale",99,183247,75629211
"2021","Restauration","Restauration - Débit de boissons","Restauration collective avec services - Restauration inter-entreprises",130,197382,51002143
"2021","Restauration","Restauration - Débit de boissons","Restauration collective scolaire et universitaire",507,540666,122769064
"2021","Restauration","Restauration - Débit de boissons","Restauration en service continu en libre-service (avec plateaux) - Self",4,1959,640911
"2021","Restauration","Restauration - Débit de boissons","Restauration et débit de boissons - Réserve - Température ambiante",11,14446,9507225
"2021","Restauration","Restauration - Débit de boissons","Restauration et débits de boisson - Réserve et/ou meubles froid négatif",4,1670,368534
"2021","Restauration","Restauration - Débit de boissons","Restauration et débits de boisson - Réserve et/ou meubles froid positif",10,16177,11139822
"2021","Restauration","Restauration - Débit de boissons","Restauration et débits de boissons - Administration et bureaux (bureaux standard)",35,49661,10659720
"2021","Restauration","Restauration - Débit de boissons","Restauration rapide commerciale continue (Burger - Salade - Kebab, …)",661,202479,133404196
"2021","Restauration","Restauration - Débit de boissons","Restauration rapide debout (Sandwicherie)",40,12438,3925778
"2021","Restauration","Restauration - Débit de boissons","Restauration sans service à la place (vente emportée ou livrée)",37,15893,4154949
"2021","Santé","Santé - Centres Hospitaliers","Centres Hospitaliers - Administration non intégrée dans un service de soins (Bureaux Standards)",198,4331996,1273849814
"2021","Santé","Santé - Centres Hospitaliers","Centres Hospitaliers - Blanchisserie",13,89912,76976084
"2021","Santé","Santé - Centres Hospitaliers","Centres Hospitaliers - Blocs opératoires (blocs opératoires programmés et blocs opératoires d'urgence)",19,267915,77404031
"2021","Santé","Santé - Centres Hospitaliers","Centres Hospitaliers - Consultation",351,1899285,494489996
"2021","Santé","Santé - Centres Hospitaliers","Centres Hospitaliers - Hospitalisation ambulatoire",98,208811,47524633
"2021","Santé","Santé - Centres Hospitaliers","Centres Hospitaliers - Hospitalisation conventionnelle",548,11932196,3431690426
"2021","Santé","Santé - Centres Hospitaliers","Centres Hospitaliers - Imageries médicales (mammographie, tomographie, échographie, radiographie, IRM…)",30,28240,11576636
"2021","Santé","Santé - Centres Hospitaliers","Centres Hospitaliers - Laboratoires classés P2, P3, P4",3,9098,4623107
"2021","Santé","Santé - Centres Hospitaliers","Centres Hospitaliers - Laboratoires courants",20,23303,6682143
"2021","Santé","Santé - Centres Hospitaliers","Centres Hospitaliers - Restauration collective - Cuisine centrale (plateau repas)",15,46248,22801069
"2021","Santé","Santé - Centres Hospitaliers","Centres Hospitaliers - Restauration collective avec services - Restauration collective inter-entreprises",3,1910,359732
"2021","Santé","Santé - Centres Hospitaliers","Centres Hospitaliers - Rééducation fonctionnelle - Kinésithérapie (SSR, thermothérapie, massages…)",141,1128255,235986026
"2021","Santé","Santé - Centres Hospitaliers","Centres Hospitaliers - Salles blanches (pharmacie, chimiothérapie, dialyse, oxygénothérapie, prélèvements d'organes…)",5,4415,717717
"2021","Santé","Santé - Centres Hospitaliers","Centres Hospitaliers - Valeur par défaut",952,17922688,4498852211
"2021","Santé","Santé - Centres Hospitaliers","Centres Hospitaliers - Zone accueil public",46,568553,143520346
"2021","Santé","Santé - Centres Hospitaliers","Etablissement d'hébergement pour personnes âgées dépendantes (EHPAD) - Zones de vie",18,347847,81042996
"2021","Santé","Santé - Centres Hospitaliers","Local vacant",5,231512,36168326
"2021","Santé","Santé - Centres Hospitaliers","Stationnement en infrastructure (Sous-sol en ventilation mécanique)",4,112220,32739931
"2021","Santé","Santé - Etablissements médico-sociaux","Centre médical (Maison médicale - Protection Maternelle et Infantile)",116,124362,17927127
"2021","Santé","Santé - Etablissements médico-sociaux","Centre médical spécialisé pour enfants et adolescents (CAMSP - CMPP)",78,152730,22149977
"2021","Santé","Santé - Etablissements médico-sociaux","Entrepôt ou messagerie sans besoin de maintien en température du produit (avec ou sans maintien hors-gel des locaux)",4,16538,3102405
"2021","Santé","Santé - Etablissements médico-sociaux","Etablissement d'hébergement pour personnes âgées dépendantes (EHPAD) - Zones de vie",3339,16154048,2914612184
"2021","Santé","Santé - Etablissements médico-sociaux","Etablissement d'hébergement social ou médico-social de mineurs en difficultés (MECS) - Zones de vie",241,594829,107263771
"2021","Santé","Santé - Etablissements médico-sociaux","Etablissement de Balnéothérapie - Bassins et piscines (dont vestiaires et douches)",7,27205,15523211
"2021","Santé","Santé - Etablissements médico-sociaux","Etablissement de Balnéothérapie - Zone de soins (massages, sauna et hammam)",4,18195,7632973
"2021","Santé","Santé - Etablissements médico-sociaux","Etablissement de prise en charge pour les enfants et adolescents (IEM - EEAP - IME - IDA - IDV - ITEP) - Zones de vie",690,2273011,361516300
"2021","Santé","Santé - Etablissements médico-sociaux","Etablissement médicalisé d'hébergement permanent pour adultes dépendants (MAS - FAM/EAM) - Zones de vie",797,2725112,506138468
"2021","Santé","Santé - Etablissements médico-sociaux","Etablissement médico-social - Administration et bureaux (bureaux standards)",366,686704,111168022
"2021","Santé","Santé - Etablissements médico-sociaux","Etablissement médico-social - Laverie",58,282295,69368404
"2021","Santé","Santé - Etablissements médico-sociaux","Etablissement médico-social - Restauration collective avec services",37,123380,23430177
"2021","Santé","Santé - Etablissements médico-sociaux","Etablissements médico-sociaux - Valeur par défaut",2929,10650609,1863805597
"2021","Santé","Santé - Santé libérale","Santé libérale - Administration et bureaux (Bureaux Standards)",90,64316,8656326
"2021","Santé","Santé - Santé libérale","Santé libérale - Autre activité de santé libérale sans process (y compris accueil et salle d'attente associés)",4,782,47298
"2021","Santé","Santé - Santé libérale","Santé libérale - Imagerie médicale",34,21347,5417490
"2021","Santé","Santé - Santé libérale","Santé libérale - Kinésithérapie, Rééducation fonctionnelle (y compris accueil et salle d'attente associés)",87,50177,8073897
"2021","Santé","Santé - Santé libérale","Santé libérale - Laboratoire médical (y compris accueil et salle d'attente associés)",69,60530,16197478
"2021","Santé","Santé - Santé libérale","Santé libérale - Ophtalmologie (y compris accueil et salle d'attente associés)",21,14735,1711517
"2021","Santé","Santé - Santé libérale","Santé libérale - Prestations dentaires (y compris accueil et salle d'attente associés)",106,25644,3418006
"2021","Santé","Santé - Santé libérale","Santé libérale - Valeur par défaut",422,470577,99140889
"2021","Serveurs & IT","Salles serveurs et centres d'exploitation informatique","Grand Data Center (surface de salle IT comprise entre 5 000 m² à 10 000 m²)",15,121404,390180738
"2021","Serveurs & IT","Salles serveurs et centres d'exploitation informatique","Mini Data Center (surface de salle IT comprise entre 100 et 500 m²)",27,12734,24705403
"2021","Serveurs & IT","Salles serveurs et centres d'exploitation informatique","Moyen Data Center (surface de salle IT comprise entre 1 000 m² à 5 000 m²)",86,329654,785798272
"2021","Serveurs & IT","Salles serveurs et centres d'exploitation informatique","Petit Data Center (surface de salle IT comprise entre 500 et 1 000 m²)",38,57419,117559242
"2021","Serveurs & IT","Salles serveurs et centres d'exploitation informatique","Salle serveur & Data Center - Valeur par défaut",14,52755,73318083
"2021","Serveurs & IT","Salles serveurs et centres d'exploitation informatique","Salle serveurs (surface de salle IT comprise entre 20 et 100 m²)",11,12663,16071097
"2021","Serveurs & IT","Salles serveurs et centres d'exploitation informatique","Très grand Data Center (surface de salle IT supérieure à 10 000 m²)",14,201790,455377387
"2021","Stationnement","Stationnement","Stationnement - Aire de lavage (en infra ou superstructure)",5,6260,516229
"2021","Stationnement","Stationnement","Stationnement - Valeur par défaut",257,2319816,51989357
"2021","Stationnement","Stationnement","Stationnement en infrastructure (Sous-sol en ventilation mécanique)",706,9403357,316019737
"2021","Stationnement","Stationnement","Stationnement en superstructure (Silo en ventilation naturelle, Parc de stationnement largement ventilé)",176,2469293,100945430
"2021","Transport","Transport aérien de voyageurs - Site aéroporturaire","Transport aérien de voyageurs - Administration et bureaux (Bureaux Standards)",114,260596,40058253
"2021","Transport","Transport aérien de voyageurs - Site aéroporturaire","Transport aérien de voyageurs - Hangars de maintenance aéronautique",49,351629,51263435
"2021","Transport","Transport aérien de voyageurs - Site aéroporturaire","Transport aérien de voyageurs - Valeur par défaut",21,86150,9845978
"2021","Transport","Transport aérien de voyageurs - Site aéroporturaire","Transport aérien de voyageurs - Zones passagers et parties communes de la zone commerciale",86,1470630,316639880
"2021","Transport","Transport ferroviaire et guidé de voyageurs","Transport ferroviaire et guidé de voyageurs - Ateliers de maintenance du matériel roulant - N 1 à 3",33,296979,42756857
"2021","Transport","Transport ferroviaire et guidé de voyageurs","Transport ferroviaire et guidé de voyageurs - Ateliers de maintenance du matériel roulant - N 1 à 4",10,90545,14175933
"2021","Transport","Transport ferroviaire et guidé de voyageurs","Transport ferroviaire et guidé de voyageurs - Valeur par défaut",2276,4888131,832075846
"2021","Transport","Transport ferroviaire et guidé de voyageurs","Transport ferroviaire et guidé de voyageurs - Zones Voyageurs aériennes",24,241647,29732023
"2021","Transport","Transport ferroviaire et guidé de voyageurs","Transport ferroviaire et guidé de voyageurs - Zones de remisage couvertes",36,313430,34683330
"2021","Transport","Transport maritime ou fluvial de voyageurs","Gare maritime ou fluviale (Valeur par défaut)",6,11383,1302552
"2021","Transport","Transport maritime ou fluvial de voyageurs","Gare maritime ou fluviale - Administration et bureaux (Bureaux Standards)",9,1815,159818
"2021","Transport","Transport maritime ou fluvial de voyageurs","Gare maritime ou fluviale - Zone d'embarquement ou débarquement des passagers",3,7844,892755
"2021","Transport","Transport routier de voyageurs","Gare routière (Valeur par défaut)",16,58871,4900298
"2021","Transport","Transport routier de voyageurs","Transport routier de voyageurs - Administration et bureaux (Bureaux Standards)",46,122215,19013391
"2021","Transport","Transport routier de voyageurs","Transport routier de voyageurs - Ateliers de maintenance",78,260085,52798893
"2021","Transport","Transport routier de voyageurs","Transport routier de voyageurs - Zones Voyageurs - hors quai non couverts",8,17273,1240262
"2021","Vente véhicules et engins","Vente et services engins nautiques et de plaisance","Vente et services engins nautiques et de plaisance - Administration et bureaux (Bureaux Standards)",13,23242,3114287
"2021","Vente véhicules et engins","Vente et services engins nautiques et de plaisance","Vente et services engins nautiques et de plaisance - Magasin de stockage de pièces",4,6253,232116
"2021","Vente véhicules et engins","Vente et services engins nautiques et de plaisance","Vente et services engins nautiques et de plaisance - Valeur par défaut",14,29264,3141571
"2021","Vente véhicules et engins","Vente et services engins nautiques et de plaisance","Vente et services engins nautiques et de plaisance - Vente et exposition des unités",9,11871,1304818
"2021","Vente véhicules et engins","Vente et services engins nautiques et de plaisance","Vente et services engins nautiques et de plaisance - Zones atelier",19,36907,3972335
"2021","Vente véhicules et engins","Vente et services motocycle","Vente et services motocycles - Magasin de stockage de pièces",5,3256,171888
"2021","Vente véhicules et engins","Vente et services motocycle","Vente et services motocycles - Valeur par défaut",31,39312,1909377
"2021","Vente véhicules et engins","Vente et services motocycle","Vente et services motocycles - Vente et exposition de motocycles",25,28516,1928216
"2021","Vente véhicules et engins","Vente et services motocycle","Vente et services motocycles - Zones atelier",5,4625,547875
"2021","Vente véhicules et engins","Vente et services véhicules légers","Stationnement en infrastructure (Sous-sol en ventilation mécanique)",8,38367,5248775
"2021","Vente véhicules et engins","Vente et services véhicules légers","Vente et services véhicules légers - Administration et bureaux (Bureaux Standards)",59,89257,10791309
"2021","Vente véhicules et engins","Vente et services véhicules légers","Vente et services véhicules légers - Magasin de stockage de pièces",84,187540,15771312
"2021","Vente véhicules et engins","Vente et services véhicules légers","Vente et services véhicules légers - Valeur par défaut",1930,5147758,750722554
"2021","Vente véhicules et engins","Vente et services véhicules légers","Vente et services véhicules légers - Vente et exposition des véhicules",381,714569,85932477
"2021","Vente véhicules et engins","Vente et services véhicules légers","Vente et services véhicules légers - Zones atelier",1131,2568907,356979186
"2021","Vente véhicules et engins","Vente et services véhicules utilitaires et véhicules industriels","Vente et services véhicules utilitaires et véhicules industriels - Administration et bureaux (Bureaux Standards)",66,167683,17217883
"2021","Vente véhicules et engins","Vente et services véhicules utilitaires et véhicules industriels","Vente et services véhicules utilitaires et véhicules industriels - Magasin de stockage de pièces",101,291919,21575795
"2021","Vente véhicules et engins","Vente et services véhicules utilitaires et véhicules industriels","Vente et services véhicules utilitaires et véhicules industriels - Valeur par défaut",717,1472636,143438478
"2021","Vente véhicules et engins","Vente et services véhicules utilitaires et véhicules industriels","Vente et services véhicules utilitaires et véhicules industriels - Vente et exposition des véhicules",42,82734,6488498
"2021","Vente véhicules et engins","Vente et services véhicules utilitaires et véhicules industriels","Vente et services véhicules utilitaires et véhicules industriels - Zones atelier",1313,2758997,276795810
"2022","Accueil petite enfance","Accueil petite enfance","Accueil petite enfance - Administration et bureaux (Bureaux Standards)",40,61207,6347520
"2022","Accueil petite enfance","Accueil petite enfance","Accueil petite enfance - Crèche",817,700560,90352372
"2022","Accueil petite enfance","Accueil petite enfance","Accueil petite enfance - Halte garderie",220,182420,19758964
"2022","Accueil petite enfance","Accueil petite enfance","Accueil petite enfance - Valeur par défaut",427,511674,57065464
"2022","Audiovisuel","Audiovisuel - Radio","Radio (Valeur par défaut)",43,11461,2055910
"2022","Audiovisuel","Audiovisuel - Radio","Radio - Administration et rédaction",30,32898,5872869
"2022","Audiovisuel","Audiovisuel - Télévision et production cinéma","Télévision et production cinéma - Administration et rédaction",22,90355,30389770
"2022","Audiovisuel","Audiovisuel - Télévision et production cinéma","Télévision et production cinéma - Studio d'enregistrement et de diffusion d'émissions télévisées",32,76321,12732846
"2022","Audiovisuel","Audiovisuel - Télévision et production cinéma","Télévision et production cinéma - Valeur par défaut",34,48535,13423811
"2022","Blanchisserie","Blanchisserie dite """"industrielle""""","Blanchisserie industrielle - Lavage, Séchage et Finition",50,73492,63598985
"2022","Blanchisserie","Blanchisserie dite """"industrielle""""","Blanchisserie industrielle - Stockage & Chargement",5,18948,18838303
"2022","Blanchisserie","Blanchisserie dite """"industrielle""""","Blanchisserie industrielle - Valeur par défaut",160,657215,711398587
"2022","Bureaux","Bureaux - Services Publics - Banque","Banque - Distributeur automatique de billets indépendant",7,727,48508
"2022","Bureaux","Bureaux - Services Publics - Banque","Banque - Salle des coffres",3,934,124540
"2022","Bureaux","Bureaux - Services Publics - Banque","Banque - Zone guichets accueil personnalisé",194,117262,13247299
"2022","Bureaux","Bureaux - Services Publics - Banque","Bibliothèque, médiathèque et service d'archives - ERP - Salle de lecture, d'exposition, de conférences, hall d'accueil",3,5263,649091
"2022","Bureaux","Bureaux - Services Publics - Banque","Bureaux (Valeur par défaut)",10946,17833992,2074671390
"2022","Bureaux","Bureaux - Services Publics - Banque","Bureaux - Autres activités de services",995,2114412,258501416
"2022","Bureaux","Bureaux - Services Publics - Banque","Bureaux - Bureaux standards",19939,42732496,5749609714
"2022","Bureaux","Bureaux - Services Publics - Banque","Bureaux - Centre Documentaire",28,59612,6736725
"2022","Bureaux","Bureaux - Services Publics - Banque","Bureaux - Espace Co-Working",159,415703,45044492
"2022","Bureaux","Bureaux - Services Publics - Banque","Bureaux - Flex Office",400,2157202,286980357
"2022","Bureaux","Bureaux - Services Publics - Banque","Bureaux - Grande salle de réunion - Auditorium - Amphithéâtre (à partir de 30 places)",349,537831,66460123
"2022","Bureaux","Bureaux - Services Publics - Banque","Bureaux - Open Space",3569,11470400,1630647040
"2022","Bureaux","Bureaux - Services Publics - Banque","Bureaux - Salle Haute Intensité - Centre d'appel",85,172638,25091692
"2022","Bureaux","Bureaux - Services Publics - Banque","Bureaux - Salle Haute Intensité - Salle de marché",8,50912,15011720
"2022","Bureaux","Bureaux - Services Publics - Banque","Bureaux - Zone Accueil Public",733,813671,94017329
"2022","Bureaux","Bureaux - Services Publics - Banque","Bureaux - Zone archive sans contrainte hygrothermique",105,246936,22489769
"2022","Bureaux","Bureaux - Services Publics - Banque","Enseignement Primaire - Salles d'enseignement Elémentaire",5,2701,521919
"2022","Bureaux","Bureaux - Services Publics - Banque","Enseignement Primaire - Salles multi activité et Périscolaire",4,8988,1103956
"2022","Bureaux","Bureaux - Services Publics - Banque","Entrepôt ou messagerie sans besoin de maintien en température du produit (avec ou sans maintien hors-gel des locaux)",40,191281,27040445
"2022","Bureaux","Bureaux - Services Publics - Banque","Local vacant",6,21028,2381292
"2022","Bureaux","Bureaux - Services Publics - Banque","Logistique ou messagerie température dirigée +12 à +17°C - produits frais (référence à +15°C)",3,5878,1329851
"2022","Bureaux","Bureaux - Services Publics - Banque","Restauration collective avec services - Restauration inter-entreprises",3,10773,2989593
"2022","Bureaux","Bureaux - Services Publics - Banque","Salle de spectacles vivants sans protection patrimoniale - Salle de spectacle et de répétition",7,20385,1694596
"2022","Bureaux","Bureaux - Services Publics - Banque","Stationnement en infrastructure (Sous-sol en ventilation mécanique)",23,334932,31022656
"2022","Bureaux","Bureaux - Services Publics - Banque","Stationnement en superstructure (Silo en ventilation naturelle, Parc de stationnement largement ventilé)",4,37497,2415217
"2022","Bureaux","Bureaux - Services Publics - Banque","Vente et services véhicules utilitaires et véhicules industriels - Zones atelier",4,14116,1901742
"2022","Commerce alimentaire","Commerce - Grande Surface Alimentaire - Grand supermarché (surface de vente comprise entre 1 000 m² et 2 500 m²)","Grand supermarché (Valeur par défaut)",3927,7485591,2284834066
"2022","Commerce alimentaire","Commerce - Grande Surface Alimentaire - Grand supermarché (surface de vente comprise entre 1 000 m² et 2 500 m²)","Grand supermarché - Administration et bureaux",5,14402,4762299
"2022","Commerce alimentaire","Commerce - Grande Surface Alimentaire - Grand supermarché (surface de vente comprise entre 1 000 m² et 2 500 m²)","Grand supermarché - Réserve et Drive Froid positif",5,9994,4491144
"2022","Commerce alimentaire","Commerce - Grande Surface Alimentaire - Grand supermarché (surface de vente comprise entre 1 000 m² et 2 500 m²)","Grand supermarché - Réserve et Drive température ambiante",46,104465,29010109
"2022","Commerce alimentaire","Commerce - Grande Surface Alimentaire - Grand supermarché (surface de vente comprise entre 1 000 m² et 2 500 m²)","Grand supermarché - Zone de vente - Textile, bazar, maison et bricolage",4,8010,3746930
"2022","Commerce alimentaire","Commerce - Grande Surface Alimentaire - Grand supermarché (surface de vente comprise entre 1 000 m² et 2 500 m²)","Grand supermarché - Zone de vente Produits de grande consommation (épicerie, boissons, produits d'entretien de la personne et de la maison)",253,646137,224876058
"2022","Commerce alimentaire","Commerce - Grande Surface Alimentaire - Grand supermarché (surface de vente comprise entre 1 000 m² et 2 500 m²)","Grand supermarché - Zone de vente Produits frais et surgelés - Froid positif et négatif",53,122476,46787676
"2022","Commerce alimentaire","Commerce - Grande Surface Alimentaire - Grand supermarché (surface de vente comprise entre 1 000 m² et 2 500 m²)","Grand supermarché - Zone de vente primeur",7,14732,6108627
"2022","Commerce alimentaire","Commerce - Grande Surface Alimentaire - Hypermarché (surface de vente supérieure à 2 500 m²)","Hypermarché (Valeur par défaut)",1875,16814125,4445061376
"2022","Commerce alimentaire","Commerce - Grande Surface Alimentaire - Hypermarché (surface de vente supérieure à 2 500 m²)","Hypermarché - Administration et bureaux",3,45382,8596564
"2022","Commerce alimentaire","Commerce - Grande Surface Alimentaire - Hypermarché (surface de vente supérieure à 2 500 m²)","Hypermarché - Réserve et Drive température ambiante",112,1365919,281481397
"2022","Commerce alimentaire","Commerce - Grande Surface Alimentaire - Hypermarché (surface de vente supérieure à 2 500 m²)","Hypermarché - Station service",6,106462,18871954
"2022","Commerce alimentaire","Commerce - Grande Surface Alimentaire - Hypermarché (surface de vente supérieure à 2 500 m²)","Hypermarché - Zone de vente - Textile, bazar, maison et bricolage",8,42846,14199637
"2022","Commerce alimentaire","Commerce - Grande Surface Alimentaire - Hypermarché (surface de vente supérieure à 2 500 m²)","Hypermarché - Zone de vente Produits de grande consommation (épicerie, boissons, produits d'entretien de la personne et de la maison)",141,1114828,309227161
"2022","Commerce alimentaire","Commerce - Grande Surface Alimentaire - Hypermarché (surface de vente supérieure à 2 500 m²)","Hypermarché - Zone de vente Produits frais et surgelés - Froid positif et négatif",22,136685,39399250
"2022","Commerce alimentaire","Commerce - Grande Surface Alimentaire - Hypermarché (surface de vente supérieure à 2 500 m²)","Hypermarché - Zone de vente primeur",3,14599,4420774
"2022","Commerce alimentaire","Commerce - Grande Surface Alimentaire - Hypermarché (surface de vente supérieure à 2 500 m²)","Stationnement en infrastructure (Sous-sol en ventilation mécanique)",5,56259,8995710
"2022","Commerce alimentaire","Commerce - Grande Surface Alimentaire - Petit supermarché (surface de vente comprise entre 400 m² et 1 000 m²)","Petit supermarché (Valeur par défaut)",619,717742,227051084
"2022","Commerce alimentaire","Commerce - Grande Surface Alimentaire - Petit supermarché (surface de vente comprise entre 400 m² et 1 000 m²)","Petit supermarché - Accueil et zone de caisses",3,3291,1206219
"2022","Commerce alimentaire","Commerce - Grande Surface Alimentaire - Petit supermarché (surface de vente comprise entre 400 m² et 1 000 m²)","Petit supermarché - Administration et bureaux",3,3484,616660
"2022","Commerce alimentaire","Commerce - Grande Surface Alimentaire - Petit supermarché (surface de vente comprise entre 400 m² et 1 000 m²)","Petit supermarché - Réserve et Drive Froid positif",3,2374,1083684
"2022","Commerce alimentaire","Commerce - Grande Surface Alimentaire - Petit supermarché (surface de vente comprise entre 400 m² et 1 000 m²)","Petit supermarché - Réserve et Drive température ambiante",9,11304,3196560
"2022","Commerce alimentaire","Commerce - Grande Surface Alimentaire - Petit supermarché (surface de vente comprise entre 400 m² et 1 000 m²)","Petit supermarché - Station service",8,9474,2581379
"2022","Commerce alimentaire","Commerce - Grande Surface Alimentaire - Petit supermarché (surface de vente comprise entre 400 m² et 1 000 m²)","Petit supermarché - Zone de vente - Textile, bazar, maison et bricolage",4,3644,594223
"2022","Commerce alimentaire","Commerce - Grande Surface Alimentaire - Petit supermarché (surface de vente comprise entre 400 m² et 1 000 m²)","Petit supermarché - Zone de vente Produits de grande consommation (épicerie, boissons, produits d'entretien de la personne et de la maison)",117,137117,48585040
"2022","Commerce alimentaire","Commerce - Grande Surface Alimentaire - Petit supermarché (surface de vente comprise entre 400 m² et 1 000 m²)","Petit supermarché - Zone de vente Produits frais et surgelés - Froid positif et négatif",27,24253,7725358
"2022","Commerce alimentaire","Commerce - Grande Surface Alimentaire - Petit supermarché (surface de vente comprise entre 400 m² et 1 000 m²)","Petit supermarché - Zone de vente primeur",12,11528,2775637
"2022","Commerce alimentaire","Commerce - Grande Surface Alimentaire - Supérette (surface de vente < 400 m²)","Supérette (Valeur par défaut)",61,18645,6417689
"2022","Commerce alimentaire","Commerce - Grande Surface Alimentaire - Supérette (surface de vente < 400 m²)","Supérette - Administration et bureaux",3,868,119059
"2022","Commerce alimentaire","Commerce - Grande Surface Alimentaire - Supérette (surface de vente < 400 m²)","Supérette - Réserve et Drive Froid positif",27,4210,1369818
"2022","Commerce alimentaire","Commerce - Grande Surface Alimentaire - Supérette (surface de vente < 400 m²)","Supérette - Réserve et Drive température ambiante",5,974,339250
"2022","Commerce alimentaire","Commerce - Grande Surface Alimentaire - Supérette (surface de vente < 400 m²)","Supérette - Zone de vente froid positif et négatif",74,28892,16661763
"2022","Commerce alimentaire","Commerce - Grande Surface Alimentaire - Supérette (surface de vente < 400 m²)","Supérette - Zone de vente hors froid",15,7871,2611269
"2022","Commerce alimentaire","Commerces et services de détail - Alimentaire","Commerces et service de détail - Alimentaire (Valeur par défaut)",338,65701,20254879
"2022","Commerce alimentaire","Commerces et services de détail - Alimentaire","Commerces et service de détail - Alimentaire - Administration et bureaux",31,12995,1514596
"2022","Commerce alimentaire","Commerces et services de détail - Alimentaire","Commerces et service de détail - Alimentaire - Réserve froid ambiante",8,1907,292873
"2022","Commerce alimentaire","Commerces et services de détail - Alimentaire","Commerces et service de détail - Alimentaire - Réserve froid négatif",3,616,331581
"2022","Commerce alimentaire","Commerces et services de détail - Alimentaire","Commerces et service de détail - Alimentaire - Réserve froid positif",9,2076,349048
"2022","Commerce alimentaire","Commerces et services de détail - Alimentaire","Commerces et service de détail - Boucherie, Charcuterie - Zone vente",37,8453,2509224
"2022","Commerce alimentaire","Commerces et services de détail - Alimentaire","Commerces et service de détail - Boulangerie, Pâtisserie - Zone vente",324,96576,76445154
"2022","Commerce alimentaire","Commerces et services de détail - Alimentaire","Commerces et service de détail - Chocolatier, Confiseur - Zone vente",122,21125,3639247
"2022","Commerce alimentaire","Commerces et services de détail - Alimentaire","Commerces et service de détail - Epicerie, Caviste - Zone vente",133,35136,3844165
"2022","Commerce alimentaire","Commerces et services de détail - Alimentaire","Commerces et service de détail - Fromagerie, Crèmerie - Zone vente",3,268,166659
"2022","Commerce alimentaire","Commerces et services de détail - Alimentaire","Commerces et service de détail - Primeurs - Zone vente",60,29466,9031022
"2022","Commerce alimentaire","Commerces et services de détail - Alimentaire","Commerces et service de détail - Surgelés - Zone vente",206,72582,33003767
"2022","Commerce alimentaire","Commerces et services de détail - Alimentaire","Commerces et service de détail - Traiteur - Zone vente",18,3575,646756
"2022","Commerce de gros","Commerce de gros","Commerce de gros (Valeur par défaut)",1558,3728860,472129571
"2022","Commerce de gros","Commerce de gros","Commerce de gros - Administration et bureaux",312,509570,39193808
"2022","Commerce de gros","Commerce de gros","Commerce de gros - Autres produits alimentaires - Zone en température dirigée",44,171637,28924067
"2022","Commerce de gros","Commerce de gros","Commerce de gros - Boucherie - Zone en température dirigée",6,6512,2840390
"2022","Commerce de gros","Commerce de gros","Commerce de gros - Charcuterie et salaison - Zone en température dirigée",3,9377,1593779
"2022","Commerce de gros","Commerce de gros","Commerce de gros - Crèmerie, Fromagerie - Zone en température dirigée",6,14705,3318975
"2022","Commerce de gros","Commerce de gros","Commerce de gros - Fleurs et végétaux - Zone en température dirigée",21,63320,7920485
"2022","Commerce de gros","Commerce de gros","Commerce de gros - Primeurs - Zone en température dirigée",59,178877,26833053
"2022","Commerce de gros","Commerce de gros","Commerce de gros - Produits de la mer - Zone en température dirigée",14,28252,8325381
"2022","Commerce de gros","Commerce de gros","Commerce de gros - Produits non périssables - Zone en température ambiante",936,2616802,144383354
"2022","Commerce de gros","Commerce de gros","Commerce de gros - Volailler et gibiers - Zone en température dirigée",7,8394,932061
"2022","Commerce de gros","Commerce de gros","Commerce de gros - Zone de présentation en température ambiante",320,550945,42932228
"2022","Commerce de gros","Commerce de gros","Entrepôt ou messagerie sans besoin de maintien en température du produit (avec ou sans maintien hors-gel des locaux)",6,15372,1284905
"2022","Commerce non alimentaire","Commerce - Grande Surface Spécialisée - Equipement automobile et Moto","GSS - Equipement automobile et moto (Valeur par défaut)",267,484277,46133849
"2022","Commerce non alimentaire","Commerce - Grande Surface Spécialisée - Equipement automobile et Moto","GSS - Zone ateliers - Equipement automobile et moto",72,348721,66868837
"2022","Commerce non alimentaire","Commerce - Grande Surface Spécialisée - Equipement automobile et Moto","GSS - Zone de réserve - Equipement automobile et moto",25,57486,3416631
"2022","Commerce non alimentaire","Commerce - Grande Surface Spécialisée - Equipement automobile et Moto","GSS - Zone de vente - Equipement automobile et moto",128,193940,19622922
"2022","Commerce non alimentaire","Commerce - Grande Surface Spécialisée - Equipement de la maison","Entrepôt ou messagerie sans besoin de maintien en température du produit (avec ou sans maintien hors-gel des locaux)",3,19218,645053
"2022","Commerce non alimentaire","Commerce - Grande Surface Spécialisée - Equipement de la maison","GSS - Administration et bureaux",9,17474,1287862
"2022","Commerce non alimentaire","Commerce - Grande Surface Spécialisée - Equipement de la maison","GSS - Equipement de la maison (Valeur par défaut)",775,1638438,164179705
"2022","Commerce non alimentaire","Commerce - Grande Surface Spécialisée - Equipement de la maison","GSS - Zone de réserve Equipement de la maison - Température ambiante",46,211075,14909638
"2022","Commerce non alimentaire","Commerce - Grande Surface Spécialisée - Equipement de la maison","GSS - Zone de vente - Ameublement, Cuisines et Salles de bains, Art de la table",431,1520886,132098096
"2022","Commerce non alimentaire","Commerce - Grande Surface Spécialisée - Equipement de la maison","GSS - Zone de vente - Electroménager",235,924276,68118209
"2022","Commerce non alimentaire","Commerce - Grande Surface Spécialisée - Equipement de la maison","GSS - Zone de vente - Jardinerie",99,310894,29287796
"2022","Commerce non alimentaire","Commerce - Grande Surface Spécialisée - Equipement de la maison","GSS - Zone de vente - Luminaires",52,44262,3539025
"2022","Commerce non alimentaire","Commerce - Grande Surface Spécialisée - Equipement de la personne et loisirs","GSS - Administration et bureaux",7,23484,1655237
"2022","Commerce non alimentaire","Commerce - Grande Surface Spécialisée - Equipement de la personne et loisirs","GSS - Equipement de la personne et Loisirs (Valeur par défaut)",820,1502645,179049915
"2022","Commerce non alimentaire","Commerce - Grande Surface Spécialisée - Equipement de la personne et loisirs","GSS - Zone de réserve Equipement de la personne et loisirs - Température ambiante",19,24042,2499217
"2022","Commerce non alimentaire","Commerce - Grande Surface Spécialisée - Equipement de la personne et loisirs","GSS - Zone de vente - Culture, Média et Loisirs (Librairie, téléphonie, produits culturels et technologiques, jeux et loisirs)",398,612042,62980507
"2022","Commerce non alimentaire","Commerce - Grande Surface Spécialisée - Equipement de la personne et loisirs","GSS - Zone de vente - Equipement de la personne (Vêtements , Lingerie, Linge de maison, Chaussures, Maroquinerie et bagages)",661,804297,97898167
"2022","Commerce non alimentaire","Commerce - Grande Surface Spécialisée - Equipement de la personne et loisirs","GSS - Zone de vente - Santé, Soins & Beauté (Pharmacie, Parapharmacie, Opticien, Beauté & bien être, Parfumerie…)",23,33082,7600513
"2022","Commerce non alimentaire","Commerce - Grande Surface Spécialisée - Equipement de la personne et loisirs","GSS - Zone de vente - Sports et Outdoor",176,375300,38745819
"2022","Commerce non alimentaire","Commerce - Grande Surface de Bricolage","GSB (Valeur par défaut)",1420,4818089,355046006
"2022","Commerce non alimentaire","Commerce - Grande Surface de Bricolage","GSB - Administration et bureaux",36,66041,4129791
"2022","Commerce non alimentaire","Commerce - Grande Surface de Bricolage","GSB - Atelier clients",10,22875,1532471
"2022","Commerce non alimentaire","Commerce - Grande Surface de Bricolage","GSB - Cours matériaux couverte (espace d'exposition éclairé et non chauffé)",149,429437,17733591
"2022","Commerce non alimentaire","Commerce - Grande Surface de Bricolage","GSB - Cours matériaux non couverte (extérieur - appoint éclairage)",102,894003,34508522
"2022","Commerce non alimentaire","Commerce - Grande Surface de Bricolage","GSB - Réserve température ambiante",1100,3205722,128507297
"2022","Commerce non alimentaire","Commerce - Grande Surface de Bricolage","GSB - Zone de vente non électro-intensif",1089,4851758,322147400
"2022","Commerce non alimentaire","Commerce - Grande Surface de Bricolage","GSB - Zone de vente électro-intensif (présentation luminaires)",39,157271,10235561
"2022","Commerce non alimentaire","Commerce - Grande Surface de Bricolage","GSB - Zone découpe matériau",3,9300,277268
"2022","Commerce non alimentaire","Commerces et services de détail - Equipement de la maison","Commerces et service de détail - Ameublement - Zone vente",916,961531,76226018
"2022","Commerce non alimentaire","Commerces et services de détail - Equipement de la maison","Commerces et service de détail - Animalerie - Zone vente",323,224969,19575147
"2022","Commerce non alimentaire","Commerces et services de détail - Equipement de la maison","Commerces et service de détail - Art de la table - Zone vente",20,9171,764818
"2022","Commerce non alimentaire","Commerces et services de détail - Equipement de la maison","Commerces et service de détail - Bricolage, Décoration - Zone vente",318,269411,24499022
"2022","Commerce non alimentaire","Commerces et services de détail - Equipement de la maison","Commerces et service de détail - Cuisine, Salles de bains - Zone vente",120,71209,5949548
"2022","Commerce non alimentaire","Commerces et services de détail - Equipement de la maison","Commerces et service de détail - Electroménager, Vidéo et HIFI - Zone vente",91,58813,5050456
"2022","Commerce non alimentaire","Commerces et services de détail - Equipement de la maison","Commerces et service de détail - Equipement de la maison (Valeur par défaut)",1269,1092806,82139839
"2022","Commerce non alimentaire","Commerces et services de détail - Equipement de la maison","Commerces et service de détail - Equipement de la maison - Administration et bureaux",62,50186,4076592
"2022","Commerce non alimentaire","Commerces et services de détail - Equipement de la maison","Commerces et service de détail - Equipement de la maison - Réserve d'approche",188,502014,43103248
"2022","Commerce non alimentaire","Commerces et services de détail - Equipement de la maison","Commerces et service de détail - Fleuriste - Zone vente",40,8005,1144323
"2022","Commerce non alimentaire","Commerces et services de détail - Equipement de la maison","Commerces et service de détail - Jardinerie - Zone vente",105,143608,14824121
"2022","Commerce non alimentaire","Commerces et services de détail - Equipement de la maison","Commerces et service de détail - Luminaire - Zone vente",5,2514,202627
"2022","Commerce non alimentaire","Commerces et services de détail - Equipement de la maison","Commerces et service de détail - Service et Réparation de produits et équipements - Accueil public et process",54,44981,2452944
"2022","Commerce non alimentaire","Commerces et services de détail - Equipement de la maison","Entrepôt ou messagerie sans besoin de maintien en température du produit (avec ou sans maintien hors-gel des locaux)",4,8791,561642
"2022","Commerce non alimentaire","Commerces et services de détail - Equipement de la personne et loisirs","Commerces et service de détail - Accessoire de mode (Bijouterie, …) - Zone de vente",510,76352,15905102
"2022","Commerce non alimentaire","Commerces et services de détail - Equipement de la personne et loisirs","Commerces et service de détail - Bien être (Sauna et Hammam) - Zone Public",17,16283,1636367
"2022","Commerce non alimentaire","Commerces et services de détail - Equipement de la personne et loisirs","Commerces et service de détail - Culture, Média et Loisirs (Libraire, produits culturels, jeux et loisirs...) - Zone de vente",469,154932,18864657
"2022","Commerce non alimentaire","Commerces et services de détail - Equipement de la personne et loisirs","Commerces et service de détail - Equipement de la personne (Vêtements, lingeries, linges de maison, chaussures, maroquinerie et bagages...) - Zone de vente",3748,1954533,227035122
"2022","Commerce non alimentaire","Commerces et services de détail - Equipement de la personne et loisirs","Commerces et service de détail - Equipement de la personne et Loisirs (Valeur par défaut)",4130,1709981,230394620
"2022","Commerce non alimentaire","Commerces et services de détail - Equipement de la personne et loisirs","Commerces et service de détail - Equipement de la personne et Loisirs - Administration et bureaux",246,227603,34674246
"2022","Commerce non alimentaire","Commerces et services de détail - Equipement de la personne et loisirs","Commerces et service de détail - Equipement de la personne et Loisirs - Réserve d'approche",57,28920,1874149
"2022","Commerce non alimentaire","Commerces et services de détail - Equipement de la personne et loisirs","Commerces et service de détail - Numérique et téléphonie - Zone vente",473,69750,15952613
"2022","Commerce non alimentaire","Commerces et services de détail - Equipement de la personne et loisirs","Commerces et service de détail - Santé Optique - Zone vente",581,98814,14514812
"2022","Commerce non alimentaire","Commerces et services de détail - Equipement de la personne et loisirs","Commerces et service de détail - Santé, Soins (Pharmacie, Parapharmacie) - Zone vente",266,94036,11026321
"2022","Commerce non alimentaire","Commerces et services de détail - Equipement de la personne et loisirs","Commerces et service de détail - Service Conseil (Agences de voyages…) - Zone vente",45,8928,861501
"2022","Commerce non alimentaire","Commerces et services de détail - Equipement de la personne et loisirs","Commerces et service de détail - Service Laverie automatique - Zone public",4,241,162371
"2022","Commerce non alimentaire","Commerces et services de détail - Equipement de la personne et loisirs","Commerces et service de détail - Service Pressing - Accueil public et process",48,3765,1936676
"2022","Commerce non alimentaire","Commerces et services de détail - Equipement de la personne et loisirs","Commerces et service de détail - Services Equipements de la personne (Cordonnerie, Couturier,…) - Accueil public et process",33,5894,832581
"2022","Commerce non alimentaire","Commerces et services de détail - Equipement de la personne et loisirs","Commerces et service de détail - Soins & Beauté (Beauté & bien être) - Zone soins",258,50934,9709133
"2022","Commerce non alimentaire","Commerces et services de détail - Equipement de la personne et loisirs","Commerces et service de détail - Soins & Beauté (Parfumerie, cosmétique…) - Zone vente",315,48230,9016497
"2022","Commerce non alimentaire","Commerces et services de détail - Equipement de la personne et loisirs","Commerces et service de détail - Soins de la personne (Coiffeur, Salon d'esthétique, Massage) - Zone vente",839,77578,18927305
"2022","Commerce non alimentaire","Commerces et services de détail - Equipement de la personne et loisirs","Commerces et service de détail - Sports et Outdoor - Zone vente",299,365287,36621075
"2022","Culture","Culture et spectacles - Bibliothèque, médiathèque et service d'archives","Bibliothèque, médiathèque et service d'archives - Administration et bureaux (Bureaux Standards)",69,174563,16029539
"2022","Culture","Culture et spectacles - Bibliothèque, médiathèque et service d'archives","Bibliothèque, médiathèque et service d'archives - ERP - Salle de lecture, d'exposition, de conférences, hall d'accueil",257,578452,67363084
"2022","Culture","Culture et spectacles - Bibliothèque, médiathèque et service d'archives","Bibliothèque, médiathèque et service d'archives - Valeur par défaut",583,1310404,140372459
"2022","Culture","Culture et spectacles - Bibliothèque, médiathèque et service d'archives","Bibliothèque, médiathèque et service d'archives - Zone de conservation des collections sans contrôle hygrométrique",16,53317,3345264
"2022","Culture","Culture et spectacles - Bibliothèque, médiathèque et service d'archives","Bibliothèque, médiathèque et service d'archives - Zone de conservation et de traitement des collections avec contrôle climatique complet (température et hygrométrie)",40,279006,33935089
"2022","Culture","Culture et spectacles - Cinéma","Cinéma - Accueil du public et couloirs",4,8702,746316
"2022","Culture","Culture et spectacles - Cinéma","Cinéma - Administration et bureaux (Bureaux Standards)",7,23800,4362330
"2022","Culture","Culture et spectacles - Cinéma","Cinéma - Salle de cinéma et cabine de projection",98,373770,67266017
"2022","Culture","Culture et spectacles - Cinéma","Cinéma - Valeur par défaut",145,493435,72158832
"2022","Culture","Culture et spectacles - Espèces vivantes","Espèces vivantes (Valeur par défaut)",15,30709,5325968
"2022","Culture","Culture et spectacles - Espèces vivantes","Espèces vivantes - Administration et bureaux (Bureaux Standards)",11,19310,5153302
"2022","Culture","Culture et spectacles - Espèces vivantes","Espèces vivantes - Aquarium et vivarium",8,53945,20027960
"2022","Culture","Culture et spectacles - Espèces vivantes","Espèces vivantes - Serres",17,90628,16109791
"2022","Culture","Culture et spectacles - Espèces vivantes","Espèces vivantes - Zone de soins vétérinaires",5,2380,165223
"2022","Culture","Culture et spectacles - Musée ou centre d'art avec protection patrimoniale","Musée ou centre d'art avec protection patrimoniale - Administration et bureaux (Bureaux Standards)",19,85024,13796687
"2022","Culture","Culture et spectacles - Musée ou centre d'art avec protection patrimoniale","Musée ou centre d'art avec protection patrimoniale - Salle d'exposition (tout type de traitement d'air)",139,843370,137545370
"2022","Culture","Culture et spectacles - Musée ou centre d'art avec protection patrimoniale","Musée ou centre d'art avec protection patrimoniale - Valeur par défaut",182,719169,92273911
"2022","Culture","Culture et spectacles - Musée ou centre d'art avec protection patrimoniale","Musée ou centre d'art avec protection patrimoniale - Zone de conservation des collections avec contrôle climatique complet (température et hygrométrie)",13,56109,11841757
"2022","Culture","Culture et spectacles - Musée ou centre d'art avec protection patrimoniale","Musée ou centre d'art avec protection patrimoniale - Zone de conservation des collections sans contrôle hygrométrique",9,33690,2686244
"2022","Culture","Culture et spectacles - Musée ou centre d'art sans protection patrimoniale","Musée ou centre d'art sans protection patrimoniale - Administration et bureaux (Bureaux Standards)",31,112128,17942862
"2022","Culture","Culture et spectacles - Musée ou centre d'art sans protection patrimoniale","Musée ou centre d'art sans protection patrimoniale - Salle d'animation audiovisuelle",7,6729,485055
"2022","Culture","Culture et spectacles - Musée ou centre d'art sans protection patrimoniale","Musée ou centre d'art sans protection patrimoniale - Salle d'exposition (tout type de traitement d'air)",210,668203,95147555
"2022","Culture","Culture et spectacles - Musée ou centre d'art sans protection patrimoniale","Musée ou centre d'art sans protection patrimoniale - Valeur par défaut",219,566325,71154915
"2022","Culture","Culture et spectacles - Musée ou centre d'art sans protection patrimoniale","Musée ou centre d'art sans protection patrimoniale - Zone de conservation des collections avec contrôle climatique complet (température et hygrométrie)",20,76373,16163300
"2022","Culture","Culture et spectacles - Musée ou centre d'art sans protection patrimoniale","Musée ou centre d'art sans protection patrimoniale - Zone de conservation des collections sans contrôle hygrométrique",15,39965,3369175
"2022","Culture","Culture et spectacles - Salle de spectacles vivants sans protection patrimoniale","Bureaux - Bureaux standards",3,5378,699553
"2022","Culture","Culture et spectacles - Salle de spectacles vivants sans protection patrimoniale","Salle de spectacles vivants sans protection patrimoniale - Administration et bureaux (Bureaux Standards)",69,242346,34766136
"2022","Culture","Culture et spectacles - Salle de spectacles vivants sans protection patrimoniale","Salle de spectacles vivants sans protection patrimoniale - Atelier et zone technique",22,115359,10694247
"2022","Culture","Culture et spectacles - Salle de spectacles vivants sans protection patrimoniale","Salle de spectacles vivants sans protection patrimoniale - Foyer et zone de convivialité",14,15986,1557426
"2022","Culture","Culture et spectacles - Salle de spectacles vivants sans protection patrimoniale","Salle de spectacles vivants sans protection patrimoniale - Salle de spectacle et de répétition",875,1904500,216455554
"2022","Culture","Culture et spectacles - Salle de spectacles vivants sans protection patrimoniale","Salle de spectacles vivants sans protection patrimoniale - Valeur par défaut",825,2182469,244969828
"2022","Culture","Culture et spectacles - Salle de spectacles vivants sans protection patrimoniale","Salle de spectacles vivants sans protection patrimoniale - Zone d'accueil du public",29,97347,13349533
"2022","Culture","Culture et spectacles - Salle de spectacles vivants sans protection patrimoniale","Salle de spectacles vivants sans protection patrimoniale - Zone de stockage sans contrôle hygrométrique",4,13164,1080644
"2022","Enseignement","Enseignement - Formation continue pour adultes","Formation continue pour adultes - Administration et bureaux (Bureaux Standards)",113,297201,34513337
"2022","Enseignement","Enseignement - Formation continue pour adultes","Formation continue pour adultes - Amphithéâtre, Auditorium, Salles de conférences",7,18374,2123922
"2022","Enseignement","Enseignement - Formation continue pour adultes","Formation continue pour adultes - Ateliers et Halles techniques avec Process",170,543660,57518120
"2022","Enseignement","Enseignement - Formation continue pour adultes","Formation continue pour adultes - Salles de formation et d'enseignement banalisé - Avec Process",190,1358236,188822956
"2022","Enseignement","Enseignement - Formation continue pour adultes","Formation continue pour adultes - Salles de formation et d'enseignement banalisé - Sans Process",261,583186,61431145
"2022","Enseignement","Enseignement - Formation continue pour adultes","Formation continue pour adultes - Valeur par défaut",329,788830,83497412
"2022","Enseignement","Enseignement Primaire","Bureaux - Bureaux standards",6,18539,1938444
"2022","Enseignement","Enseignement Primaire","Enseignement Primaire - Administration et bureaux (Bureaux Standards)",365,782952,86860598
"2022","Enseignement","Enseignement Primaire","Enseignement Primaire - Internat primaire",8,22014,2648237
"2022","Enseignement","Enseignement Primaire","Enseignement Primaire - Salles d'enseignement Elémentaire",3547,8528169,867327500
"2022","Enseignement","Enseignement Primaire","Enseignement Primaire - Salles d'enseignement Maternelle",1744,2855807,299796179
"2022","Enseignement","Enseignement Primaire","Enseignement Primaire - Salles multi activité et Périscolaire",592,918179,98539644
"2022","Enseignement","Enseignement Primaire","Enseignement Primaire - Valeur par défaut",3332,7878084,775575229
"2022","Enseignement","Enseignement Primaire","Gymnase (applicable à : Cesta punta, Salle d'escalade, Squash ou Tennis couvert…)",7,32423,3477791
"2022","Enseignement","Enseignement Primaire","Restauration collective scolaire et universitaire",10,19271,2243170
"2022","Enseignement","Enseignement Primaire","Salle de spectacles vivants sans protection patrimoniale - Salle de spectacle et de répétition",4,6910,681545
"2022","Enseignement","Enseignement Primaire","Salle de sport collectif (Basket ball, Hand ball, Volley ball, Futsal…)",8,64024,5314172
"2022","Enseignement","Enseignement Secondaire","Enseignement Primaire - Salles d'enseignement Elémentaire",5,13738,1350893
"2022","Enseignement","Enseignement Secondaire","Enseignement Secondaire - Administration et bureaux (Bureaux Standards)",83,572215,59758903
"2022","Enseignement","Enseignement Secondaire","Enseignement Secondaire - Collège - Salles d'enseignements généraux",2363,14058582,1304565678
"2022","Enseignement","Enseignement Secondaire","Enseignement Secondaire - Collège - Salles d'enseignements professionnels adaptés",16,107918,10709340
"2022","Enseignement","Enseignement Secondaire","Enseignement Secondaire - Etablissement régional d'enseignement adapté",111,1270913,149356000
"2022","Enseignement","Enseignement Secondaire","Enseignement Secondaire - Internat secondaire",93,460985,53738564
"2022","Enseignement","Enseignement Secondaire","Enseignement Secondaire - Lycée d'enseignement général (LG) ou Salles d'enseignement banalisé - Toutes séries confondues",900,14160632,1343360048
"2022","Enseignement","Enseignement Secondaire","Enseignement Secondaire - Lycée d'enseignement général et techhnologique agricole - Lycée d'enseignement professionnel agricole",181,2059010,216970243
"2022","Enseignement","Enseignement Secondaire","Enseignement Secondaire - Lycée d'enseignement professionnel",563,7428563,673452188
"2022","Enseignement","Enseignement Secondaire","Enseignement Secondaire - Salles de TP",51,373712,43706850
"2022","Enseignement","Enseignement Secondaire","Enseignement Secondaire - Valeur par défaut",1996,12652845,1209703475
"2022","Enseignement","Enseignement Secondaire","Formation continue pour adultes - Ateliers et Halles techniques avec Process",3,46886,4384206
"2022","Enseignement","Enseignement Secondaire","Restauration collective scolaire et universitaire",3,14746,1001672
"2022","Enseignement","Enseignement Supérieur","Enseignement Supérieur - Administration et bureaux (Bureaux Standards)",117,1111364,163859924
"2022","Enseignement","Enseignement Supérieur","Enseignement Supérieur - Amphithéâtre, Auditorium, Salles de conférences",27,134466,16087261
"2022","Enseignement","Enseignement Supérieur","Enseignement Supérieur - Ateliers et Halles techniques avec Process",36,172314,20025621
"2022","Enseignement","Enseignement Supérieur","Enseignement Supérieur - Salles de formation, d'enseignement ou de TP",85,474006,52612884
"2022","Enseignement","Enseignement Supérieur","Enseignement Supérieur - Salles de formation, d'enseignement ou de vie de campus - Sans Process",400,2488020,325888322
"2022","Enseignement","Enseignement Supérieur","Enseignement Supérieur - Valeur par défaut",705,4304743,531292762
"2022","Evenementiel","Parc d'expositions","Parc d'expositions - Halles d'expositions",47,596671,43703798
"2022","Evenementiel","Parc d'expositions","Parc d'expositions - Valeur par défaut",37,584723,48835732
"2022","Evenementiel","Sports","Bureaux - Bureaux standards",3,24229,2762229
"2022","Evenementiel","Sports","Centre équestre",18,67867,1684224
"2022","Evenementiel","Sports","Enseignement Primaire - Salles d'enseignement Maternelle",3,7235,1076929
"2022","Evenementiel","Sports","Entrepôt ou messagerie sans besoin de maintien en température du produit (avec ou sans maintien hors-gel des locaux)",4,14367,2074887
"2022","Evenementiel","Sports","Gymnase (applicable à : Cesta punta, Salle d'escalade, Squash ou Tennis couvert…)",1482,3485980,309092233
"2022","Evenementiel","Sports","Patinoire, dont vestiaires, douches et sanitaires",37,195925,69934752
"2022","Evenementiel","Sports","Piscine, dont vestiaires, douches et sanitaires",633,1936989,1120719683
"2022","Evenementiel","Sports","Récupération sportive (Massage - Cryothérapie en bassin ou cabine), Sauna, Hammam",7,50371,23008988
"2022","Evenementiel","Sports","Salle d'athlétisme couverte",13,69166,3915887
"2022","Evenementiel","Sports","Salle de danse",57,47668,5552977
"2022","Evenementiel","Sports","Salle de spectacles vivants sans protection patrimoniale - Salle de spectacle et de répétition",5,10684,1273163
"2022","Evenementiel","Sports","Salle de sport collectif (Basket ball, Hand ball, Volley ball, Futsal…)",1830,4374714,392010793
"2022","Evenementiel","Sports","Salle de sport de combat (Dojo)",107,175751,17588203
"2022","Evenementiel","Sports","Salle de sport de cours collectifs (fitness, pilates…)",261,466885,44125671
"2022","Evenementiel","Sports","Salle de sport de pratique individuelle (Machines cardio et musculation)",744,986954,120336785
"2022","Evenementiel","Sports","Sports - Administration et bureaux (bureaux standards)",140,173974,25137749
"2022","Evenementiel","Sports","Sports - Valeur par défaut",1357,3438234,386918144
"2022","Evenementiel","Sports","Sports - Vestiaires, douches et sanitaires (sauf vestiaires de piscines et patinoires)",412,480420,70255937
"2022","Evenementiel","Sports","Stade/vélodrome - couvert",61,252946,22448918
"2022","Evenementiel","Sports","Stade/vélodrome, Hippodrome et Cynodrome - non couvert",142,719761,58124201
"2022","Evenementiel","Sports","Stand de tir",18,64767,2912818
"2022","Halles","Halles et marchés couverts","Halles et marchés couverts (Valeur par défaut)",47,132129,10578416
"2022","Halles","Halles et marchés couverts","Halles et marchés couverts - Etale ou stand alimentaire",48,75868,10193353
"2022","Halles","Halles et marchés couverts","Halles et marchés couverts - Etale ou stand non-alimentaire",6,31332,2664672
"2022","Halles","Halles et marchés couverts","Halles et marchés couverts - Partie commune (mail et locaux technique)",12,22626,1526209
"2022","Hébergement touristique","Hébergement touristique de courte durée (auberge de jeunesse, centre-sportif, colonies de vacances, gîte d'étape et refuge de montagne)","Hébergement touristique de courte durée - Administration et bureaux (bureaux standards)",15,48160,4498478
"2022","Hébergement touristique","Hébergement touristique de courte durée (auberge de jeunesse, centre-sportif, colonies de vacances, gîte d'étape et refuge de montagne)","Hébergement touristique de courte durée - Cuisine",3,5750,852261
"2022","Hébergement touristique","Hébergement touristique de courte durée (auberge de jeunesse, centre-sportif, colonies de vacances, gîte d'étape et refuge de montagne)","Hébergement touristique de courte durée - Sanitaires et zone de couchages",167,411041,53480598
"2022","Hébergement touristique","Hébergement touristique de courte durée (auberge de jeunesse, centre-sportif, colonies de vacances, gîte d'étape et refuge de montagne)","Hébergement touristique de courte durée - Valeur par défaut",299,819220,101958148
"2022","Hébergement touristique","Hébergement touristique de courte durée (auberge de jeunesse, centre-sportif, colonies de vacances, gîte d'étape et refuge de montagne)","Hébergement touristique de courte durée - Zone de restauration",7,12246,1496711
"2022","Hébergement touristique","Résidences de tourisme et villages ou clubs de vacances","Résidence de tourisme, ERP, 2 étoiles - Appartements et services (hors restauration)",14,52139,5790448
"2022","Hébergement touristique","Résidences de tourisme et villages ou clubs de vacances","Résidence de tourisme, ERP, 3 étoiles - Appartements et services (hors restauration)",55,250193,29001314
"2022","Hébergement touristique","Résidences de tourisme et villages ou clubs de vacances","Résidence de tourisme, ERP, 4 étoiles - Appartements et services (hors restauration)",30,190421,47317656
"2022","Hébergement touristique","Résidences de tourisme et villages ou clubs de vacances","Résidence de tourisme, ERP, 5 étoiles et plus - Appartements et services (hors restauration)",3,9764,1040593
"2022","Hébergement touristique","Résidences de tourisme et villages ou clubs de vacances","Résidences de tourisme, ERP, 1 étoile et non classé - Appartements et services (hors restauration)",12,41637,6123809
"2022","Hébergement touristique","Résidences de tourisme et villages ou clubs de vacances","Résidences de tourisme, village ou club de vacances, ERP - Administration et bureaux (bureaux standard)",13,46365,4413426
"2022","Hébergement touristique","Résidences de tourisme et villages ou clubs de vacances","Résidences de tourisme, village ou club de vacances, ERP - Piscine intérieure",15,77119,61018162
"2022","Hébergement touristique","Résidences de tourisme et villages ou clubs de vacances","Résidences de tourisme, village ou club de vacances, ERP - Sauna et Hammam",6,5235,4078888
"2022","Hébergement touristique","Résidences de tourisme et villages ou clubs de vacances","Résidences de tourisme, village ou club de vacances, ERP - Valeur par défaut",171,1152527,153119394
"2022","Hébergement touristique","Résidences de tourisme et villages ou clubs de vacances","Village ou club de vacances, ERP, 1 étoile et non classé - Chambres et services (hors restauration)",4,11871,826733
"2022","Hébergement touristique","Résidences de tourisme et villages ou clubs de vacances","Village ou club de vacances, ERP, 3 étoiles - Chambres et services (hors restauration)",29,145275,18521499
"2022","Hébergement touristique","Résidences de tourisme et villages ou clubs de vacances","Village ou club de vacances, ERP, 4 étoiles - Chambres et services (hors restauration)",3,10718,1518034
"2022","Hébergement touristique","Terrain de camping et parcs pour caravanes ou véhicules de loisirs","Terrain de camping - Administration et bureaux (Bureaux Standards)",3,1608,289448
"2022","Hébergement touristique","Terrain de camping et parcs pour caravanes ou véhicules de loisirs","Terrain de camping - Blocs sanitaires",13,18395,6118925
"2022","Hébergement touristique","Terrain de camping et parcs pour caravanes ou véhicules de loisirs","Terrain de camping - Valeur par défaut",40,97834,10060389
"2022","Hôtels","Hôtellerie","Hôtel - Administration et bureaux (bureaux standards)",22,60837,8613418
"2022","Hôtels","Hôtellerie","Hôtel - Piscine extérieure chauffée",5,19651,3047764
"2022","Hôtels","Hôtellerie","Hôtel - Piscine intérieure",8,22325,3454957
"2022","Hôtels","Hôtellerie","Hôtel - Sauna et Hammam",3,20913,6922004
"2022","Hôtels","Hôtellerie","Hôtel - Valeur par défaut",919,3114642,593734112
"2022","Hôtels","Hôtellerie","Hôtel 1 étoile et non classé - Chambres et services",208,322025,55230123
"2022","Hôtels","Hôtellerie","Hôtel 2 étoiles - Chambres et services",453,866715,124677468
"2022","Hôtels","Hôtellerie","Hôtel 3 étoiles - Chambres et services",1018,2672637,422074996
"2022","Hôtels","Hôtellerie","Hôtel 4 étoiles- Chambres et services",682,3310389,655673583
"2022","Hôtels","Hôtellerie","Hôtel 5 étoiles et plus - Chambres et services",166,1030610,285430740
"2022","Imprimerie","Imprimerie et reprographie","Imprimerie et reprographie - Administration et bureaux (Bureaux Standards)",19,43757,4554454
"2022","Imprimerie","Imprimerie et reprographie","Imprimerie et reprographie - Atelier d'imprimerie numérique",51,121756,26929962
"2022","Imprimerie","Imprimerie et reprographie","Imprimerie et reprographie - Atelier d'imprimerie offset",25,74052,25091868
"2022","Imprimerie","Imprimerie et reprographie","Imprimerie et reprographie - Local de stockage de matières premières et produits finis",7,37564,6077561
"2022","Imprimerie","Imprimerie et reprographie","Imprimerie et reprographie - Valeur par défaut",32,37917,6670140
"2022","Justice","Justice - Etablissements pénitentiaires","Etablissements pénitentiaires - Locaux hors zone de détention",24,287885,75365931
"2022","Justice","Justice - Etablissements pénitentiaires","Etablissements pénitentiaires - Zone de détention",19,358089,80611749
"2022","Justice","Justice - Protection Judiciaire de la Jeunesse","Protection Judiciaire de la Jeunesse - Hébergement des mineurs",17,69925,11188080
"2022","Justice","Justice - Protection Judiciaire de la Jeunesse","Protection Judiciaire de la Jeunesse - Valeur par défaut",8,20988,3410005
"2022","Justice","Justice - Tribunaux","Tribunaux - Administration et bureaux (Bureaux standards)",168,615666,82684705
"2022","Justice","Justice - Tribunaux","Tribunaux - Valeur par défaut",17,40434,4439224
"2022","Laboratoires","Laboratoires (hors périmètre médical : étalonnage, suivi écologique…)","Laboratoire - Administration et bureaux (Bureaux Standards)",64,146855,45762452
"2022","Laboratoires","Laboratoires (hors périmètre médical : étalonnage, suivi écologique…)","Laboratoire - Valeur par défaut",143,481653,133856137
"2022","Laboratoires","Laboratoires (hors périmètre médical : étalonnage, suivi écologique…)","Laboratoire - Zone laboratoire",67,381778,106363139
"2022","Local vacant","Local vacant","Local vacant",248,752159,67263895
"2022","Logistique","Logistique","Entrepôt ou messagerie sans besoin de maintien en température du produit (avec ou sans maintien hors-gel des locaux)",6134,44123066,3250810060
"2022","Logistique","Logistique","Entrepôt à température ambiante (évolution libre entre +12°C et +26°C) ou avec maintien hors-gel pour les besoins du produit",522,4613099,317749503
"2022","Logistique","Logistique","Logistique - Administration et bureaux (bureaux standards)",796,2949257,292597064
"2022","Logistique","Logistique","Logistique - Valeur par défaut",1907,12461618,859155184
"2022","Logistique","Logistique","Logistique de froid négatif (Référence -18°C)",234,1525592,529630308
"2022","Logistique","Logistique","Logistique ou messagerie température dirigée +12 à +17°C - produits frais (référence à +15°C)",249,2015393,216816366
"2022","Logistique","Logistique","Logistique ou messagerie température dirigée froid positif +1 à +8°C - produits frais (référence à +3°C)",383,2885757,621598459
"2022","Nuit & Loisirs","Etablissement de nuit et de loisirs","Etablissement de nuit et de loisirs - Administration et bureaux (Bureaux Standards)",27,92579,31231072
"2022","Nuit & Loisirs","Etablissement de nuit et de loisirs","Etablissement de nuit et de loisirs - Bowling",34,97237,9999757
"2022","Nuit & Loisirs","Etablissement de nuit et de loisirs","Etablissement de nuit et de loisirs - Casino",104,331819,141406569
"2022","Nuit & Loisirs","Etablissement de nuit et de loisirs","Etablissement de nuit et de loisirs - Discothèque",16,15182,1453322
"2022","Nuit & Loisirs","Etablissement de nuit et de loisirs","Etablissement de nuit et de loisirs - Escape Game",17,6199,548720
"2022","Nuit & Loisirs","Etablissement de nuit et de loisirs","Etablissement de nuit et de loisirs - Espace Aqua ludique",6,27170,13014880
"2022","Nuit & Loisirs","Etablissement de nuit et de loisirs","Etablissement de nuit et de loisirs - Espace récréatif pour enfants",115,161722,15139343
"2022","Nuit & Loisirs","Etablissement de nuit et de loisirs","Etablissement de nuit et de loisirs - Laser Game",6,4459,181274
"2022","Nuit & Loisirs","Etablissement de nuit et de loisirs","Etablissement de nuit et de loisirs - Valeur par défaut",118,188932,42607747
"2022","Parc à thèmes","Parc d'attractions et parc à thèmes","Parc d'attractions et parc à thèmes - Administration et bureaux (Bureaux Standards)",6,15174,6738367
"2022","Parc à thèmes","Parc d'attractions et parc à thèmes","Parc d'attractions et parc à thèmes - Attraction bâtiment semi-ouvert",3,25706,17144316
"2022","Parc à thèmes","Parc d'attractions et parc à thèmes","Parc d'attractions et parc à thèmes - Valeur par défaut",119,489345,195732247
"2022","Parties communes CC","Parties communes des centres commerciaux et des galeries commerciales","C Commercial et G Commerciale (Valeur par défaut)",274,997806,151186138
"2022","Parties communes CC","Parties communes des centres commerciaux et des galeries commerciales","C Commercial et G Commerciale - Administration et bureaux",14,17932,1649978
"2022","Parties communes CC","Parties communes des centres commerciaux et des galeries commerciales","C Commercial et G Commerciale - Zones accessibles au public",352,1205177,172737804
"2022","Parties communes CC","Parties communes des centres commerciaux et des galeries commerciales","C Commercial et G Commerciale - Zones techniques Commerces",24,34825,3227834
"2022","Restauration","Restauration - Débit de boissons","Bar et café (sans restauration)",51,24629,3615483
"2022","Restauration","Restauration - Débit de boissons","Cafétéria (service de boissons chaudes, sandwiches et plats à réchauffer au micro-ondes)",86,89427,33446980
"2022","Restauration","Restauration - Débit de boissons","Restaurant gastronomique",21,30720,9878575
"2022","Restauration","Restauration - Débit de boissons","Restaurant traditionnel ou Brasserie",452,249283,101885777
"2022","Restauration","Restauration - Débit de boissons","Restauration - Valeur par défaut",559,412674,159852590
"2022","Restauration","Restauration - Débit de boissons","Restauration collective - Cuisine centrale",79,144843,59068592
"2022","Restauration","Restauration - Débit de boissons","Restauration collective avec services - Restauration inter-entreprises",99,159923,38391570
"2022","Restauration","Restauration - Débit de boissons","Restauration collective scolaire et universitaire",403,409890,82574928
"2022","Restauration","Restauration - Débit de boissons","Restauration en service continu en libre-service (avec plateaux) - Self",4,1959,687552
"2022","Restauration","Restauration - Débit de boissons","Restauration et débit de boissons - Réserve - Température ambiante",11,16796,12061887
"2022","Restauration","Restauration - Débit de boissons","Restauration et débits de boisson - Réserve et/ou meubles froid positif",10,15301,10400640
"2022","Restauration","Restauration - Débit de boissons","Restauration et débits de boissons - Administration et bureaux (bureaux standard)",26,17963,8785619
"2022","Restauration","Restauration - Débit de boissons","Restauration rapide commerciale continue (Burger - Salade - Kebab, …)",893,344951,304255574
"2022","Restauration","Restauration - Débit de boissons","Restauration rapide debout (Sandwicherie)",26,6165,1761439
"2022","Restauration","Restauration - Débit de boissons","Restauration sans service à la place (vente emportée ou livrée)",24,8307,2740540
"2022","Santé","Santé - Centres Hospitaliers","Centres Hospitaliers - Administration non intégrée dans un service de soins (Bureaux Standards)",172,4154371,1095549214
"2022","Santé","Santé - Centres Hospitaliers","Centres Hospitaliers - Blanchisserie",8,64789,41640884
"2022","Santé","Santé - Centres Hospitaliers","Centres Hospitaliers - Blocs opératoires (blocs opératoires programmés et blocs opératoires d'urgence)",16,276401,78311173
"2022","Santé","Santé - Centres Hospitaliers","Centres Hospitaliers - Consultation",286,1848603,463887627
"2022","Santé","Santé - Centres Hospitaliers","Centres Hospitaliers - Hospitalisation ambulatoire",79,214606,46842065
"2022","Santé","Santé - Centres Hospitaliers","Centres Hospitaliers - Hospitalisation conventionnelle",485,10771119,2849507870
"2022","Santé","Santé - Centres Hospitaliers","Centres Hospitaliers - Imageries médicales (mammographie, tomographie, échographie, radiographie, IRM…)",25,10161,4082616
"2022","Santé","Santé - Centres Hospitaliers","Centres Hospitaliers - Laboratoires courants",15,26827,5559737
"2022","Santé","Santé - Centres Hospitaliers","Centres Hospitaliers - Restauration collective - Cuisine centrale (plateau repas)",13,45739,23484071
"2022","Santé","Santé - Centres Hospitaliers","Centres Hospitaliers - Rééducation fonctionnelle - Kinésithérapie (SSR, thermothérapie, massages…)",175,1313758,248498966
"2022","Santé","Santé - Centres Hospitaliers","Centres Hospitaliers - Salles blanches (pharmacie, chimiothérapie, dialyse, oxygénothérapie, prélèvements d'organes…)",6,4551,680093
"2022","Santé","Santé - Centres Hospitaliers","Centres Hospitaliers - Valeur par défaut",830,15661995,3737603914
"2022","Santé","Santé - Centres Hospitaliers","Centres Hospitaliers - Zone accueil public",32,490357,112567264
"2022","Santé","Santé - Centres Hospitaliers","Etablissement d'hébergement pour personnes âgées dépendantes (EHPAD) - Zones de vie",14,270550,59930016
"2022","Santé","Santé - Etablissements médico-sociaux","Centre médical (Maison médicale - Protection Maternelle et Infantile)",105,120370,12601575
"2022","Santé","Santé - Etablissements médico-sociaux","Centre médical spécialisé pour enfants et adolescents (CAMSP - CMPP)",68,136780,18436960
"2022","Santé","Santé - Etablissements médico-sociaux","Entrepôt ou messagerie sans besoin de maintien en température du produit (avec ou sans maintien hors-gel des locaux)",3,14661,2667981
"2022","Santé","Santé - Etablissements médico-sociaux","Etablissement d'hébergement pour personnes âgées dépendantes (EHPAD) - Zones de vie",3058,14806260,2459892775
"2022","Santé","Santé - Etablissements médico-sociaux","Etablissement d'hébergement social ou médico-social de mineurs en difficultés (MECS) - Zones de vie",208,523302,81416921
"2022","Santé","Santé - Etablissements médico-sociaux","Etablissement de Balnéothérapie - Bassins et piscines (dont vestiaires et douches)",4,16134,8238509
"2022","Santé","Santé - Etablissements médico-sociaux","Etablissement de Balnéothérapie - Zone de soins (massages, sauna et hammam)",3,23653,9241733
"2022","Santé","Santé - Etablissements médico-sociaux","Etablissement de prise en charge pour les enfants et adolescents (IEM - EEAP - IME - IDA - IDV - ITEP) - Zones de vie",570,1831548,261421685
"2022","Santé","Santé - Etablissements médico-sociaux","Etablissement médicalisé d'hébergement permanent pour adultes dépendants (MAS - FAM/EAM) - Zones de vie",653,2362758,395210254
"2022","Santé","Santé - Etablissements médico-sociaux","Etablissement médico-social - Administration et bureaux (bureaux standards)",318,601564,89088537
"2022","Santé","Santé - Etablissements médico-sociaux","Etablissement médico-social - Laverie",44,257561,68490733
"2022","Santé","Santé - Etablissements médico-sociaux","Etablissement médico-social - Restauration collective avec services",28,119750,24523833
"2022","Santé","Santé - Etablissements médico-sociaux","Etablissements médico-sociaux - Valeur par défaut",2401,8539262,1402331960
"2022","Santé","Santé - Santé libérale","Santé libérale - Administration et bureaux (Bureaux Standards)",68,45621,6094267
"2022","Santé","Santé - Santé libérale","Santé libérale - Imagerie médicale",37,22267,6622874
"2022","Santé","Santé - Santé libérale","Santé libérale - Kinésithérapie, Rééducation fonctionnelle (y compris accueil et salle d'attente associés)",72,13836,1684251
"2022","Santé","Santé - Santé libérale","Santé libérale - Laboratoire médical (y compris accueil et salle d'attente associés)",66,49846,12066868
"2022","Santé","Santé - Santé libérale","Santé libérale - Ophtalmologie (y compris accueil et salle d'attente associés)",18,13697,1811824
"2022","Santé","Santé - Santé libérale","Santé libérale - Prestations dentaires (y compris accueil et salle d'attente associés)",75,21914,2703649
"2022","Santé","Santé - Santé libérale","Santé libérale - Valeur par défaut",331,406115,77703514
"2022","Serveurs & IT","Salles serveurs et centres d'exploitation informatique","Grand Data Center (surface de salle IT comprise entre 5 000 m² à 10 000 m²)",15,125988,469357601
"2022","Serveurs & IT","Salles serveurs et centres d'exploitation informatique","Mini Data Center (surface de salle IT comprise entre 100 et 500 m²)",28,13185,24379283
"2022","Serveurs & IT","Salles serveurs et centres d'exploitation informatique","Moyen Data Center (surface de salle IT comprise entre 1 000 m² à 5 000 m²)",86,277811,675925389
"2022","Serveurs & IT","Salles serveurs et centres d'exploitation informatique","Petit Data Center (surface de salle IT comprise entre 500 et 1 000 m²)",41,64064,131037253
"2022","Serveurs & IT","Salles serveurs et centres d'exploitation informatique","Salle serveur & Data Center - Valeur par défaut",8,22951,35886381
"2022","Serveurs & IT","Salles serveurs et centres d'exploitation informatique","Très grand Data Center (surface de salle IT supérieure à 10 000 m²)",15,249328,500168514
"2022","Stationnement","Stationnement","Stationnement - Aire de lavage (en infra ou superstructure)",3,5250,236351
"2022","Stationnement","Stationnement","Stationnement - Station-service (en infra ou superstructure)",6,5560,171679
"2022","Stationnement","Stationnement","Stationnement - Valeur par défaut",273,2623445,54689593
"2022","Stationnement","Stationnement","Stationnement en infrastructure (Sous-sol en ventilation mécanique)",363,5431450,209019450
"2022","Stationnement","Stationnement","Stationnement en superstructure (Silo en ventilation naturelle, Parc de stationnement largement ventilé)",137,2414104,95830469
"2022","Transport","Transport aérien de voyageurs - Site aéroporturaire","Transport aérien de voyageurs - Administration et bureaux (Bureaux Standards)",86,290651,36843757
"2022","Transport","Transport aérien de voyageurs - Site aéroporturaire","Transport aérien de voyageurs - Hangars de maintenance aéronautique",34,244375,32692081
"2022","Transport","Transport aérien de voyageurs - Site aéroporturaire","Transport aérien de voyageurs - Valeur par défaut",23,180765,20817401
"2022","Transport","Transport aérien de voyageurs - Site aéroporturaire","Transport aérien de voyageurs - Zone sûreté et tri bagages",14,329561,47982204
"2022","Transport","Transport aérien de voyageurs - Site aéroporturaire","Transport aérien de voyageurs - Zones passagers et parties communes de la zone commerciale",73,1463986,320282007
"2022","Transport","Transport ferroviaire et guidé de voyageurs","Transport ferroviaire et guidé de voyageurs - Ateliers de maintenance du matériel roulant - N 1 à 3",34,311773,46539330
"2022","Transport","Transport ferroviaire et guidé de voyageurs","Transport ferroviaire et guidé de voyageurs - Ateliers de maintenance du matériel roulant - N 1 à 4",10,90545,12458397
"2022","Transport","Transport ferroviaire et guidé de voyageurs","Transport ferroviaire et guidé de voyageurs - Valeur par défaut",2229,4928747,717474875
"2022","Transport","Transport ferroviaire et guidé de voyageurs","Transport ferroviaire et guidé de voyageurs - Zones Voyageurs aériennes",22,241983,31084709
"2022","Transport","Transport ferroviaire et guidé de voyageurs","Transport ferroviaire et guidé de voyageurs - Zones de remisage couvertes",33,301281,29245421
"2022","Transport","Transport maritime ou fluvial de voyageurs","Gare maritime ou fluviale (Valeur par défaut)",5,7407,538180
"2022","Transport","Transport maritime ou fluvial de voyageurs","Gare maritime ou fluviale - Administration et bureaux (Bureaux Standards)",6,1045,124445
"2022","Transport","Transport routier de voyageurs","Gare routière (Valeur par défaut)",13,42027,4837002
"2022","Transport","Transport routier de voyageurs","Transport routier de voyageurs - Administration et bureaux (Bureaux Standards)",40,101887,15865632
"2022","Transport","Transport routier de voyageurs","Transport routier de voyageurs - Ateliers de maintenance",72,247730,46313307
"2022","Vente véhicules et engins","Vente et services engins nautiques et de plaisance","Vente et services engins nautiques et de plaisance - Administration et bureaux (Bureaux Standards)",12,19428,2325270
"2022","Vente véhicules et engins","Vente et services engins nautiques et de plaisance","Vente et services engins nautiques et de plaisance - Magasin de stockage de pièces",3,5680,198770
"2022","Vente véhicules et engins","Vente et services engins nautiques et de plaisance","Vente et services engins nautiques et de plaisance - Valeur par défaut",8,11045,570559
"2022","Vente véhicules et engins","Vente et services engins nautiques et de plaisance","Vente et services engins nautiques et de plaisance - Vente et exposition des unités",10,12550,1182273
"2022","Vente véhicules et engins","Vente et services engins nautiques et de plaisance","Vente et services engins nautiques et de plaisance - Zones atelier",14,21008,2372997
"2022","Vente véhicules et engins","Vente et services motocycle","Vente et services motocycles - Magasin de stockage de pièces",4,2994,106138
"2022","Vente véhicules et engins","Vente et services motocycle","Vente et services motocycles - Valeur par défaut",23,30241,1552146
"2022","Vente véhicules et engins","Vente et services motocycle","Vente et services motocycles - Vente et exposition de motocycles",22,22574,1453539
"2022","Vente véhicules et engins","Vente et services motocycle","Vente et services motocycles - Zones atelier",5,3557,285999
"2022","Vente véhicules et engins","Vente et services véhicules légers","Stationnement en infrastructure (Sous-sol en ventilation mécanique)",4,16268,1476320
"2022","Vente véhicules et engins","Vente et services véhicules légers","Vente et services véhicules légers - Administration et bureaux (Bureaux Standards)",42,68050,7914156
"2022","Vente véhicules et engins","Vente et services véhicules légers","Vente et services véhicules légers - Magasin de stockage de pièces",80,181312,11978943
"2022","Vente véhicules et engins","Vente et services véhicules légers","Vente et services véhicules légers - Valeur par défaut",1643,4466233,557610439
"2022","Vente véhicules et engins","Vente et services véhicules légers","Vente et services véhicules légers - Vente et exposition des véhicules",296,546285,57040002
"2022","Vente véhicules et engins","Vente et services véhicules légers","Vente et services véhicules légers - Zones atelier",900,1991090,228047699
"2022","Vente véhicules et engins","Vente et services véhicules utilitaires et véhicules industriels","Stationnement en superstructure (Silo en ventilation naturelle, Parc de stationnement largement ventilé)",3,26330,1545554
"2022","Vente véhicules et engins","Vente et services véhicules utilitaires et véhicules industriels","Vente et services véhicules utilitaires et véhicules industriels - Administration et bureaux (Bureaux Standards)",63,143138,12623723
"2022","Vente véhicules et engins","Vente et services véhicules utilitaires et véhicules industriels","Vente et services véhicules utilitaires et véhicules industriels - Magasin de stockage de pièces",88,251567,14899062
"2022","Vente véhicules et engins","Vente et services véhicules utilitaires et véhicules industriels","Vente et services véhicules utilitaires et véhicules industriels - Valeur par défaut",676,1349615,118918680
"2022","Vente véhicules et engins","Vente et services véhicules utilitaires et véhicules industriels","Vente et services véhicules utilitaires et véhicules industriels - Vente et exposition des véhicules",22,42660,1987917
"2022","Vente véhicules et engins","Vente et services véhicules utilitaires et véhicules industriels","Vente et services véhicules utilitaires et véhicules industriels - Zones atelier",1189,2495420,214427610
"2023","Accueil petite enfance","Accueil petite enfance","Accueil petite enfance - Administration et bureaux (Bureaux Standards)",30,40809,3585560
"2023","Accueil petite enfance","Accueil petite enfance","Accueil petite enfance - Crèche",785,686109,79985154
"2023","Accueil petite enfance","Accueil petite enfance","Accueil petite enfance - Halte garderie",200,162638,16642794
"2023","Accueil petite enfance","Accueil petite enfance","Accueil petite enfance - Valeur par défaut",322,371151,39992854
"2023","Audiovisuel","Audiovisuel - Radio","Radio (Valeur par défaut)",39,9123,1556721
"2023","Audiovisuel","Audiovisuel - Radio","Radio - Administration et rédaction",28,22378,4038750
"2023","Audiovisuel","Audiovisuel - Radio","Radio - Studio d'enregistrement et de diffusion d'émissions radiophoniques",14,8400,1260259
"2023","Audiovisuel","Audiovisuel - Télévision et production cinéma","Télévision et production cinéma - Administration et rédaction",17,84653,29825733
"2023","Audiovisuel","Audiovisuel - Télévision et production cinéma","Télévision et production cinéma - Studio d'enregistrement et de diffusion d'émissions télévisées",34,86363,11282329
"2023","Audiovisuel","Audiovisuel - Télévision et production cinéma","Télévision et production cinéma - Valeur par défaut",34,44883,9184670
"2023","Blanchisserie","Blanchisserie dite """"industrielle""""","Blanchisserie industrielle - Lavage, Séchage et Finition",38,61825,61811539
"2023","Blanchisserie","Blanchisserie dite """"industrielle""""","Blanchisserie industrielle - Stockage & Chargement",5,19557,17770726
"2023","Blanchisserie","Blanchisserie dite """"industrielle""""","Blanchisserie industrielle - Valeur par défaut",138,574534,592749851
"2023","Bureaux","Bureaux - Services Publics - Banque","Banque - Distributeur automatique de billets indépendant",7,505,37948
"2023","Bureaux","Bureaux - Services Publics - Banque","Banque - Zone guichets accueil personnalisé",284,143142,14538270
"2023","Bureaux","Bureaux - Services Publics - Banque","Bureaux (Valeur par défaut)",7672,13597061,1487631130
"2023","Bureaux","Bureaux - Services Publics - Banque","Bureaux - Autres activités de services",871,1862347,209230806
"2023","Bureaux","Bureaux - Services Publics - Banque","Bureaux - Bureaux standards",18664,38359538,4681119802
"2023","Bureaux","Bureaux - Services Publics - Banque","Bureaux - Centre Documentaire",19,38499,4210434
"2023","Bureaux","Bureaux - Services Publics - Banque","Bureaux - Espace Co-Working",155,380790,43711714
"2023","Bureaux","Bureaux - Services Publics - Banque","Bureaux - Flex Office",377,1927445,243829101
"2023","Bureaux","Bureaux - Services Publics - Banque","Bureaux - Grande salle de réunion - Auditorium - Amphithéâtre (à partir de 30 places)",274,460126,50257188
"2023","Bureaux","Bureaux - Services Publics - Banque","Bureaux - Open Space",3248,10607648,1396690613
"2023","Bureaux","Bureaux - Services Publics - Banque","Bureaux - Salle Haute Intensité - Centre d'appel",61,140579,17915022
"2023","Bureaux","Bureaux - Services Publics - Banque","Bureaux - Salle Haute Intensité - Salle de marché",8,64324,16540616
"2023","Bureaux","Bureaux - Services Publics - Banque","Bureaux - Zone Accueil Public",786,817765,86434297
"2023","Bureaux","Bureaux - Services Publics - Banque","Bureaux - Zone archive sans contrainte hygrothermique",92,174433,14735900
"2023","Commerce alimentaire","Commerce - Grande Surface Alimentaire - Grand supermarché (surface de vente comprise entre 1 000 m² et 2 500 m²)","Grand supermarché (Valeur par défaut)",3344,6697843,1867082483
"2023","Commerce alimentaire","Commerce - Grande Surface Alimentaire - Grand supermarché (surface de vente comprise entre 1 000 m² et 2 500 m²)","Grand supermarché - Administration et bureaux",6,17602,5060456
"2023","Commerce alimentaire","Commerce - Grande Surface Alimentaire - Grand supermarché (surface de vente comprise entre 1 000 m² et 2 500 m²)","Grand supermarché - Réserve et Drive température ambiante",32,77260,20368857
"2023","Commerce alimentaire","Commerce - Grande Surface Alimentaire - Grand supermarché (surface de vente comprise entre 1 000 m² et 2 500 m²)","Grand supermarché - Zone de vente - Textile, bazar, maison et bricolage",3,6310,2745210
"2023","Commerce alimentaire","Commerce - Grande Surface Alimentaire - Grand supermarché (surface de vente comprise entre 1 000 m² et 2 500 m²)","Grand supermarché - Zone de vente Produits de grande consommation (épicerie, boissons, produits d'entretien de la personne et de la maison)",161,424512,128081166
"2023","Commerce alimentaire","Commerce - Grande Surface Alimentaire - Grand supermarché (surface de vente comprise entre 1 000 m² et 2 500 m²)","Grand supermarché - Zone de vente Produits frais et surgelés - Froid positif et négatif",42,99603,33228510
"2023","Commerce alimentaire","Commerce - Grande Surface Alimentaire - Grand supermarché (surface de vente comprise entre 1 000 m² et 2 500 m²)","Grand supermarché - Zone de vente primeur",3,4832,1447481
"2023","Commerce alimentaire","Commerce - Grande Surface Alimentaire - Hypermarché (surface de vente supérieure à 2 500 m²)","Hypermarché (Valeur par défaut)",1646,14274135,3408169916
"2023","Commerce alimentaire","Commerce - Grande Surface Alimentaire - Hypermarché (surface de vente supérieure à 2 500 m²)","Hypermarché - Réserve et Drive température ambiante",75,882202,168119890
"2023","Commerce alimentaire","Commerce - Grande Surface Alimentaire - Hypermarché (surface de vente supérieure à 2 500 m²)","Hypermarché - Station service",4,91288,11327764
"2023","Commerce alimentaire","Commerce - Grande Surface Alimentaire - Hypermarché (surface de vente supérieure à 2 500 m²)","Hypermarché - Zone de vente - Textile, bazar, maison et bricolage",7,38223,13017107
"2023","Commerce alimentaire","Commerce - Grande Surface Alimentaire - Hypermarché (surface de vente supérieure à 2 500 m²)","Hypermarché - Zone de vente Produits de grande consommation (épicerie, boissons, produits d'entretien de la personne et de la maison)",93,784952,192693206
"2023","Commerce alimentaire","Commerce - Grande Surface Alimentaire - Hypermarché (surface de vente supérieure à 2 500 m²)","Hypermarché - Zone de vente Produits frais et surgelés - Froid positif et négatif",12,79591,18106912
"2023","Commerce alimentaire","Commerce - Grande Surface Alimentaire - Petit supermarché (surface de vente comprise entre 400 m² et 1 000 m²)","Petit supermarché (Valeur par défaut)",1103,1331369,344791224
"2023","Commerce alimentaire","Commerce - Grande Surface Alimentaire - Petit supermarché (surface de vente comprise entre 400 m² et 1 000 m²)","Petit supermarché - Administration et bureaux",3,3850,395288
"2023","Commerce alimentaire","Commerce - Grande Surface Alimentaire - Petit supermarché (surface de vente comprise entre 400 m² et 1 000 m²)","Petit supermarché - Réserve et Drive Froid positif",3,2374,1126860
"2023","Commerce alimentaire","Commerce - Grande Surface Alimentaire - Petit supermarché (surface de vente comprise entre 400 m² et 1 000 m²)","Petit supermarché - Réserve et Drive température ambiante",5,6711,1254119
"2023","Commerce alimentaire","Commerce - Grande Surface Alimentaire - Petit supermarché (surface de vente comprise entre 400 m² et 1 000 m²)","Petit supermarché - Zone de vente - Textile, bazar, maison et bricolage",4,3644,521035
"2023","Commerce alimentaire","Commerce - Grande Surface Alimentaire - Petit supermarché (surface de vente comprise entre 400 m² et 1 000 m²)","Petit supermarché - Zone de vente Produits de grande consommation (épicerie, boissons, produits d'entretien de la personne et de la maison)",92,112424,36662599
"2023","Commerce alimentaire","Commerce - Grande Surface Alimentaire - Petit supermarché (surface de vente comprise entre 400 m² et 1 000 m²)","Petit supermarché - Zone de vente Produits frais et surgelés - Froid positif et négatif",27,25729,8239655
"2023","Commerce alimentaire","Commerce - Grande Surface Alimentaire - Petit supermarché (surface de vente comprise entre 400 m² et 1 000 m²)","Petit supermarché - Zone de vente primeur",9,8299,1894230
"2023","Commerce alimentaire","Commerce - Grande Surface Alimentaire - Supérette (surface de vente < 400 m²)","Supérette (Valeur par défaut)",60,17800,7056055
"2023","Commerce alimentaire","Commerce - Grande Surface Alimentaire - Supérette (surface de vente < 400 m²)","Supérette - Réserve et Drive Froid positif",24,3497,1008928
"2023","Commerce alimentaire","Commerce - Grande Surface Alimentaire - Supérette (surface de vente < 400 m²)","Supérette - Réserve et Drive température ambiante",5,974,302831
"2023","Commerce alimentaire","Commerce - Grande Surface Alimentaire - Supérette (surface de vente < 400 m²)","Supérette - Zone de vente froid positif et négatif",64,24400,13943710
"2023","Commerce alimentaire","Commerce - Grande Surface Alimentaire - Supérette (surface de vente < 400 m²)","Supérette - Zone de vente hors froid",17,11278,3118621
"2023","Commerce alimentaire","Commerces et services de détail - Alimentaire","Commerces et service de détail - Alimentaire (Valeur par défaut)",344,60631,20679423
"2023","Commerce alimentaire","Commerces et services de détail - Alimentaire","Commerces et service de détail - Alimentaire - Administration et bureaux",14,5656,1402806
"2023","Commerce alimentaire","Commerces et services de détail - Alimentaire","Commerces et service de détail - Alimentaire - Réserve froid ambiante",4,901,135887
"2023","Commerce alimentaire","Commerces et services de détail - Alimentaire","Commerces et service de détail - Alimentaire - Réserve froid positif",10,1581,302589
"2023","Commerce alimentaire","Commerces et services de détail - Alimentaire","Commerces et service de détail - Boucherie, Charcuterie - Zone vente",34,7851,2263752
"2023","Commerce alimentaire","Commerces et services de détail - Alimentaire","Commerces et service de détail - Boulangerie, Pâtisserie - Zone vente",320,96185,73166943
"2023","Commerce alimentaire","Commerces et services de détail - Alimentaire","Commerces et service de détail - Chocolatier, Confiseur - Zone vente",101,18372,3012246
"2023","Commerce alimentaire","Commerces et services de détail - Alimentaire","Commerces et service de détail - Epicerie, Caviste - Zone vente",96,31736,5515511
"2023","Commerce alimentaire","Commerces et services de détail - Alimentaire","Commerces et service de détail - Primeurs - Zone vente",57,28441,8469287
"2023","Commerce alimentaire","Commerces et services de détail - Alimentaire","Commerces et service de détail - Surgelés - Zone vente",214,74902,33355562
"2023","Commerce alimentaire","Commerces et services de détail - Alimentaire","Commerces et service de détail - Traiteur - Zone vente",20,3445,695118
"2023","Commerce de gros","Commerce de gros","Commerce de gros (Valeur par défaut)",1365,3320334,378940640
"2023","Commerce de gros","Commerce de gros","Commerce de gros - Administration et bureaux",312,565460,37228987
"2023","Commerce de gros","Commerce de gros","Commerce de gros - Autres produits alimentaires - Zone en température dirigée",36,120131,19066849
"2023","Commerce de gros","Commerce de gros","Commerce de gros - Boucherie - Zone en température dirigée",6,6545,1738174
"2023","Commerce de gros","Commerce de gros","Commerce de gros - Charcuterie et salaison - Zone en température dirigée",3,14346,5234644
"2023","Commerce de gros","Commerce de gros","Commerce de gros - Crèmerie, Fromagerie - Zone en température dirigée",4,9586,2885393
"2023","Commerce de gros","Commerce de gros","Commerce de gros - Fleurs et végétaux - Zone en température dirigée",14,38900,6107961
"2023","Commerce de gros","Commerce de gros","Commerce de gros - Primeurs - Zone en température dirigée",74,253065,39611128
"2023","Commerce de gros","Commerce de gros","Commerce de gros - Produits de la mer - Zone en température dirigée",15,37472,8345991
"2023","Commerce de gros","Commerce de gros","Commerce de gros - Produits non périssables - Zone en température ambiante",760,2295956,108208751
"2023","Commerce de gros","Commerce de gros","Commerce de gros - Volailler et gibiers - Zone en température dirigée",6,7254,964818
"2023","Commerce de gros","Commerce de gros","Commerce de gros - Zone de présentation en température ambiante",260,356803,27499086
"2023","Commerce non alimentaire","Commerce - Grande Surface Spécialisée - Equipement automobile et Moto","GSS - Administration et bureaux",9,17670,1596516
"2023","Commerce non alimentaire","Commerce - Grande Surface Spécialisée - Equipement automobile et Moto","GSS - Equipement automobile et moto (Valeur par défaut)",308,522927,35133779
"2023","Commerce non alimentaire","Commerce - Grande Surface Spécialisée - Equipement automobile et Moto","GSS - Zone ateliers - Equipement automobile et moto",65,354474,80125181
"2023","Commerce non alimentaire","Commerce - Grande Surface Spécialisée - Equipement automobile et Moto","GSS - Zone de réserve - Equipement automobile et moto",20,53558,2470795
"2023","Commerce non alimentaire","Commerce - Grande Surface Spécialisée - Equipement automobile et Moto","GSS - Zone de vente - Equipement automobile et moto",118,168040,14449682
"2023","Commerce non alimentaire","Commerce - Grande Surface Spécialisée - Equipement de la maison","GSS - Administration et bureaux",9,10208,603520
"2023","Commerce non alimentaire","Commerce - Grande Surface Spécialisée - Equipement de la maison","GSS - Equipement de la maison (Valeur par défaut)",750,1564102,140306661
"2023","Commerce non alimentaire","Commerce - Grande Surface Spécialisée - Equipement de la maison","GSS - Zone de réserve Equipement de la maison - Température ambiante",29,91308,6913826
"2023","Commerce non alimentaire","Commerce - Grande Surface Spécialisée - Equipement de la maison","GSS - Zone de vente - Ameublement, Cuisines et Salles de bains, Art de la table",442,1485083,114923362
"2023","Commerce non alimentaire","Commerce - Grande Surface Spécialisée - Equipement de la maison","GSS - Zone de vente - Electroménager",263,1089372,66658677
"2023","Commerce non alimentaire","Commerce - Grande Surface Spécialisée - Equipement de la maison","GSS - Zone de vente - Jardinerie",81,251608,20722945
"2023","Commerce non alimentaire","Commerce - Grande Surface Spécialisée - Equipement de la maison","GSS - Zone de vente - Luminaires",46,36903,3720889
"2023","Commerce non alimentaire","Commerce - Grande Surface Spécialisée - Equipement de la personne et loisirs","GSS - Administration et bureaux",5,22582,1591136
"2023","Commerce non alimentaire","Commerce - Grande Surface Spécialisée - Equipement de la personne et loisirs","GSS - Equipement de la personne et Loisirs (Valeur par défaut)",819,1657677,157848552
"2023","Commerce non alimentaire","Commerce - Grande Surface Spécialisée - Equipement de la personne et loisirs","GSS - Zone de réserve Equipement de la personne et loisirs - Température ambiante",19,32433,2516670
"2023","Commerce non alimentaire","Commerce - Grande Surface Spécialisée - Equipement de la personne et loisirs","GSS - Zone de vente - Culture, Média et Loisirs (Librairie, téléphonie, produits culturels et technologiques, jeux et loisirs)",252,583305,57800832
"2023","Commerce non alimentaire","Commerce - Grande Surface Spécialisée - Equipement de la personne et loisirs","GSS - Zone de vente - Equipement de la personne (Vêtements , Lingerie, Linge de maison, Chaussures, Maroquinerie et bagages)",618,787379,79042015
"2023","Commerce non alimentaire","Commerce - Grande Surface Spécialisée - Equipement de la personne et loisirs","GSS - Zone de vente - Santé, Soins & Beauté (Pharmacie, Parapharmacie, Opticien, Beauté & bien être, Parfumerie…)",23,34437,8215882
"2023","Commerce non alimentaire","Commerce - Grande Surface Spécialisée - Equipement de la personne et loisirs","GSS - Zone de vente - Sports et Outdoor",99,221369,21949087
"2023","Commerce non alimentaire","Commerce - Grande Surface de Bricolage","GSB (Valeur par défaut)",1323,4439380,279843209
"2023","Commerce non alimentaire","Commerce - Grande Surface de Bricolage","GSB - Administration et bureaux",36,82649,3428854
"2023","Commerce non alimentaire","Commerce - Grande Surface de Bricolage","GSB - Atelier clients",9,16693,1172009
"2023","Commerce non alimentaire","Commerce - Grande Surface de Bricolage","GSB - Cours matériaux couverte (espace d'exposition éclairé et non chauffé)",169,488018,18299554
"2023","Commerce non alimentaire","Commerce - Grande Surface de Bricolage","GSB - Cours matériaux non couverte (extérieur - appoint éclairage)",84,745995,24695926
"2023","Commerce non alimentaire","Commerce - Grande Surface de Bricolage","GSB - Réserve température ambiante",769,2313557,83604124
"2023","Commerce non alimentaire","Commerce - Grande Surface de Bricolage","GSB - Zone de vente non électro-intensif",740,3904760,210832165
"2023","Commerce non alimentaire","Commerce - Grande Surface de Bricolage","GSB - Zone de vente électro-intensif (présentation luminaires)",34,130931,7467010
"2023","Commerce non alimentaire","Commerce - Grande Surface de Bricolage","GSB - Zone découpe matériau",5,16611,1350831
"2023","Commerce non alimentaire","Commerces et services de détail - Equipement de la maison","Commerces et service de détail - Ameublement - Zone vente",847,926468,65443052
"2023","Commerce non alimentaire","Commerces et services de détail - Equipement de la maison","Commerces et service de détail - Animalerie - Zone vente",342,235548,17979216
"2023","Commerce non alimentaire","Commerces et services de détail - Equipement de la maison","Commerces et service de détail - Art de la table - Zone vente",10,5601,469143
"2023","Commerce non alimentaire","Commerces et services de détail - Equipement de la maison","Commerces et service de détail - Bricolage, Décoration - Zone vente",281,224302,18942528
"2023","Commerce non alimentaire","Commerces et services de détail - Equipement de la maison","Commerces et service de détail - Cuisine, Salles de bains - Zone vente",106,66198,5158136
"2023","Commerce non alimentaire","Commerces et services de détail - Equipement de la maison","Commerces et service de détail - Electroménager, Vidéo et HIFI - Zone vente",61,48254,3097550
"2023","Commerce non alimentaire","Commerces et services de détail - Equipement de la maison","Commerces et service de détail - Equipement de la maison (Valeur par défaut)",1163,1024393,72060865
"2023","Commerce non alimentaire","Commerces et services de détail - Equipement de la maison","Commerces et service de détail - Equipement de la maison - Administration et bureaux",59,46139,3304364
"2023","Commerce non alimentaire","Commerces et services de détail - Equipement de la maison","Commerces et service de détail - Equipement de la maison - Réserve d'approche",180,486074,37366938
"2023","Commerce non alimentaire","Commerces et services de détail - Equipement de la maison","Commerces et service de détail - Fleuriste - Zone vente",35,10048,1247636
"2023","Commerce non alimentaire","Commerces et services de détail - Equipement de la maison","Commerces et service de détail - Jardinerie - Zone vente",104,147052,13082156
"2023","Commerce non alimentaire","Commerces et services de détail - Equipement de la maison","Commerces et service de détail - Luminaire - Zone vente",5,2256,196067
"2023","Commerce non alimentaire","Commerces et services de détail - Equipement de la maison","Commerces et service de détail - Service et Réparation de produits et équipements - Accueil public et process",45,30653,1396102
"2023","Commerce non alimentaire","Commerces et services de détail - Equipement de la personne et loisirs","Commerces et service de détail - Accessoire de mode (Bijouterie, …) - Zone de vente",425,78865,15028455
"2023","Commerce non alimentaire","Commerces et services de détail - Equipement de la personne et loisirs","Commerces et service de détail - Bien être (Sauna et Hammam) - Zone Public",16,6650,962232
"2023","Commerce non alimentaire","Commerces et services de détail - Equipement de la personne et loisirs","Commerces et service de détail - Culture, Média et Loisirs (Libraire, produits culturels, jeux et loisirs...) - Zone de vente",246,128856,11474158
"2023","Commerce non alimentaire","Commerces et services de détail - Equipement de la personne et loisirs","Commerces et service de détail - Equipement de la personne (Vêtements, lingeries, linges de maison, chaussures, maroquinerie et bagages...) - Zone de vente",3573,1922133,197068241
"2023","Commerce non alimentaire","Commerces et services de détail - Equipement de la personne et loisirs","Commerces et service de détail - Equipement de la personne et Loisirs (Valeur par défaut)",3569,1545892,188251321
"2023","Commerce non alimentaire","Commerces et services de détail - Equipement de la personne et loisirs","Commerces et service de détail - Equipement de la personne et Loisirs - Administration et bureaux",55,65053,8488993
"2023","Commerce non alimentaire","Commerces et services de détail - Equipement de la personne et loisirs","Commerces et service de détail - Equipement de la personne et Loisirs - Réserve d'approche",57,27951,1500196
"2023","Commerce non alimentaire","Commerces et services de détail - Equipement de la personne et loisirs","Commerces et service de détail - Numérique et téléphonie - Zone vente",451,66732,15134717
"2023","Commerce non alimentaire","Commerces et services de détail - Equipement de la personne et loisirs","Commerces et service de détail - Santé Optique - Zone vente",479,84803,11748533
"2023","Commerce non alimentaire","Commerces et services de détail - Equipement de la personne et loisirs","Commerces et service de détail - Santé, Soins (Pharmacie, Parapharmacie) - Zone vente",340,80757,10247672
"2023","Commerce non alimentaire","Commerces et services de détail - Equipement de la personne et loisirs","Commerces et service de détail - Service Conseil (Agences de voyages…) - Zone vente",29,5661,435704
"2023","Commerce non alimentaire","Commerces et services de détail - Equipement de la personne et loisirs","Commerces et service de détail - Service Laverie automatique - Zone public",4,238,186874
"2023","Commerce non alimentaire","Commerces et services de détail - Equipement de la personne et loisirs","Commerces et service de détail - Service Pressing - Accueil public et process",42,3412,1844489
"2023","Commerce non alimentaire","Commerces et services de détail - Equipement de la personne et loisirs","Commerces et service de détail - Services Equipements de la personne (Cordonnerie, Couturier,…) - Accueil public et process",31,5579,612916
"2023","Commerce non alimentaire","Commerces et services de détail - Equipement de la personne et loisirs","Commerces et service de détail - Soins & Beauté (Beauté & bien être) - Zone soins",213,40723,7785669
"2023","Commerce non alimentaire","Commerces et services de détail - Equipement de la personne et loisirs","Commerces et service de détail - Soins & Beauté (Parfumerie, cosmétique…) - Zone vente",282,48745,8575492
"2023","Commerce non alimentaire","Commerces et services de détail - Equipement de la personne et loisirs","Commerces et service de détail - Soins de la personne (Coiffeur, Salon d'esthétique, Massage) - Zone vente",688,63706,15300736
"2023","Commerce non alimentaire","Commerces et services de détail - Equipement de la personne et loisirs","Commerces et service de détail - Sports et Outdoor - Zone vente",253,309509,24484802
"2023","Culture","Culture et spectacles - Bibliothèque, médiathèque et service d'archives","Bibliothèque, médiathèque et service d'archives - Administration et bureaux (Bureaux Standards)",61,135053,12190401
"2023","Culture","Culture et spectacles - Bibliothèque, médiathèque et service d'archives","Bibliothèque, médiathèque et service d'archives - ERP - Salle de lecture, d'exposition, de conférences, hall d'accueil",243,541956,57197512
"2023","Culture","Culture et spectacles - Bibliothèque, médiathèque et service d'archives","Bibliothèque, médiathèque et service d'archives - Valeur par défaut",480,1090787,109009971
"2023","Culture","Culture et spectacles - Bibliothèque, médiathèque et service d'archives","Bibliothèque, médiathèque et service d'archives - Zone de conservation des collections sans contrôle hygrométrique",18,54763,3360313
"2023","Culture","Culture et spectacles - Bibliothèque, médiathèque et service d'archives","Bibliothèque, médiathèque et service d'archives - Zone de conservation et de traitement des collections avec contrôle climatique complet (température et hygrométrie)",34,243976,27055719
"2023","Culture","Culture et spectacles - Cinéma","Cinéma - Accueil du public et couloirs",4,8702,861898
"2023","Culture","Culture et spectacles - Cinéma","Cinéma - Administration et bureaux (Bureaux Standards)",6,24237,3867876
"2023","Culture","Culture et spectacles - Cinéma","Cinéma - Salle de cinéma et cabine de projection",86,366897,60615382
"2023","Culture","Culture et spectacles - Cinéma","Cinéma - Valeur par défaut",139,457171,62643341
"2023","Culture","Culture et spectacles - Espèces vivantes","Espèces vivantes (Valeur par défaut)",17,35603,4783223
"2023","Culture","Culture et spectacles - Espèces vivantes","Espèces vivantes - Administration et bureaux (Bureaux Standards)",10,19893,5530625
"2023","Culture","Culture et spectacles - Espèces vivantes","Espèces vivantes - Parc zoologique (Enclos fermés et couverts d'hébergement des animaux)",5,6006,858972
"2023","Culture","Culture et spectacles - Espèces vivantes","Espèces vivantes - Serres",14,94154,17074856
"2023","Culture","Culture et spectacles - Espèces vivantes","Espèces vivantes - Zone de soins vétérinaires",5,886,106922
"2023","Culture","Culture et spectacles - Musée ou centre d'art avec protection patrimoniale","Musée ou centre d'art avec protection patrimoniale - Administration et bureaux (Bureaux Standards)",15,58384,10142047
"2023","Culture","Culture et spectacles - Musée ou centre d'art avec protection patrimoniale","Musée ou centre d'art avec protection patrimoniale - Salle d'exposition (tout type de traitement d'air)",126,778913,118211193
"2023","Culture","Culture et spectacles - Musée ou centre d'art avec protection patrimoniale","Musée ou centre d'art avec protection patrimoniale - Valeur par défaut",150,618722,76700998
"2023","Culture","Culture et spectacles - Musée ou centre d'art avec protection patrimoniale","Musée ou centre d'art avec protection patrimoniale - Zone de conservation des collections avec contrôle climatique complet (température et hygrométrie)",10,39367,8642923
"2023","Culture","Culture et spectacles - Musée ou centre d'art avec protection patrimoniale","Musée ou centre d'art avec protection patrimoniale - Zone de conservation des collections sans contrôle hygrométrique",7,25592,1786756
"2023","Culture","Culture et spectacles - Musée ou centre d'art sans protection patrimoniale","Musée ou centre d'art sans protection patrimoniale - Administration et bureaux (Bureaux Standards)",32,106182,14478182
"2023","Culture","Culture et spectacles - Musée ou centre d'art sans protection patrimoniale","Musée ou centre d'art sans protection patrimoniale - Salle d'animation audiovisuelle",5,2960,253245
"2023","Culture","Culture et spectacles - Musée ou centre d'art sans protection patrimoniale","Musée ou centre d'art sans protection patrimoniale - Salle d'exposition (tout type de traitement d'air)",182,604210,85309163
"2023","Culture","Culture et spectacles - Musée ou centre d'art sans protection patrimoniale","Musée ou centre d'art sans protection patrimoniale - Valeur par défaut",174,437092,49757406
"2023","Culture","Culture et spectacles - Musée ou centre d'art sans protection patrimoniale","Musée ou centre d'art sans protection patrimoniale - Zone de conservation des collections avec contrôle climatique complet (température et hygrométrie)",19,65415,12585365
"2023","Culture","Culture et spectacles - Musée ou centre d'art sans protection patrimoniale","Musée ou centre d'art sans protection patrimoniale - Zone de conservation des collections sans contrôle hygrométrique",11,34935,2931129
"2023","Culture","Culture et spectacles - Salle de spectacles vivants sans protection patrimoniale","Salle de spectacles vivants sans protection patrimoniale - Administration et bureaux (Bureaux Standards)",62,166371,17238206
"2023","Culture","Culture et spectacles - Salle de spectacles vivants sans protection patrimoniale","Salle de spectacles vivants sans protection patrimoniale - Atelier et zone technique",23,105807,9043243
"2023","Culture","Culture et spectacles - Salle de spectacles vivants sans protection patrimoniale","Salle de spectacles vivants sans protection patrimoniale - Foyer et zone de convivialité",7,6625,675763
"2023","Culture","Culture et spectacles - Salle de spectacles vivants sans protection patrimoniale","Salle de spectacles vivants sans protection patrimoniale - Salle de spectacle et de répétition",742,1639536,170325834
"2023","Culture","Culture et spectacles - Salle de spectacles vivants sans protection patrimoniale","Salle de spectacles vivants sans protection patrimoniale - Valeur par défaut",700,1892544,190046544
"2023","Culture","Culture et spectacles - Salle de spectacles vivants sans protection patrimoniale","Salle de spectacles vivants sans protection patrimoniale - Zone d'accueil du public",25,75224,10008615
"2023","Culture","Culture et spectacles - Salle de spectacles vivants sans protection patrimoniale","Salle de spectacles vivants sans protection patrimoniale - Zone de stockage sans contrôle hygrométrique",6,7407,362893
"2023","Enseignement","Enseignement - Formation continue pour adultes","Formation continue pour adultes - Administration et bureaux (Bureaux Standards)",92,209030,22252331
"2023","Enseignement","Enseignement - Formation continue pour adultes","Formation continue pour adultes - Amphithéâtre, Auditorium, Salles de conférences",5,15057,1674501
"2023","Enseignement","Enseignement - Formation continue pour adultes","Formation continue pour adultes - Ateliers et Halles techniques avec Process",146,502838,48014058
"2023","Enseignement","Enseignement - Formation continue pour adultes","Formation continue pour adultes - Salles de formation et d'enseignement banalisé - Avec Process",224,1509975,201950145
"2023","Enseignement","Enseignement - Formation continue pour adultes","Formation continue pour adultes - Salles de formation et d'enseignement banalisé - Sans Process",255,563339,57494621
"2023","Enseignement","Enseignement - Formation continue pour adultes","Formation continue pour adultes - Valeur par défaut",242,437485,39394465
"2023","Enseignement","Enseignement Primaire","Enseignement Primaire - Administration et bureaux (Bureaux Standards)",335,750696,75655506
"2023","Enseignement","Enseignement Primaire","Enseignement Primaire - Internat primaire",9,23175,2719778
"2023","Enseignement","Enseignement Primaire","Enseignement Primaire - Salles d'enseignement Elémentaire",2968,7234171,672236255
"2023","Enseignement","Enseignement Primaire","Enseignement Primaire - Salles d'enseignement Maternelle",1495,2456245,236423883
"2023","Enseignement","Enseignement Primaire","Enseignement Primaire - Salles multi activité et Périscolaire",548,928171,90113652
"2023","Enseignement","Enseignement Primaire","Enseignement Primaire - Valeur par défaut",2755,6683253,586346002
"2023","Enseignement","Enseignement Secondaire","Enseignement Secondaire - Administration et bureaux (Bureaux Standards)",40,285950,30466316
"2023","Enseignement","Enseignement Secondaire","Enseignement Secondaire - Collège - Salles d'enseignements généraux",1786,10584708,889450763
"2023","Enseignement","Enseignement Secondaire","Enseignement Secondaire - Collège - Salles d'enseignements professionnels adaptés",16,101456,9028623
"2023","Enseignement","Enseignement Secondaire","Enseignement Secondaire - Etablissement régional d'enseignement adapté",104,1216954,129488629
"2023","Enseignement","Enseignement Secondaire","Enseignement Secondaire - Internat secondaire",76,389421,44293234
"2023","Enseignement","Enseignement Secondaire","Enseignement Secondaire - Lycée d'enseignement général (LG) ou Salles d'enseignement banalisé - Toutes séries confondues",804,13065189,1158243752
"2023","Enseignement","Enseignement Secondaire","Enseignement Secondaire - Lycée d'enseignement général et techhnologique agricole - Lycée d'enseignement professionnel agricole",144,1787124,177316282
"2023","Enseignement","Enseignement Secondaire","Enseignement Secondaire - Lycée d'enseignement professionnel",527,7228724,624347559
"2023","Enseignement","Enseignement Secondaire","Enseignement Secondaire - Salles de TP",47,350932,37770942
"2023","Enseignement","Enseignement Secondaire","Enseignement Secondaire - Valeur par défaut",1604,10358286,881295299
"2023","Enseignement","Enseignement Supérieur","Enseignement Supérieur - Administration et bureaux (Bureaux Standards)",106,1121097,137345788
"2023","Enseignement","Enseignement Supérieur","Enseignement Supérieur - Amphithéâtre, Auditorium, Salles de conférences",19,74279,8846097
"2023","Enseignement","Enseignement Supérieur","Enseignement Supérieur - Ateliers et Halles techniques avec Process",29,156749,15681174
"2023","Enseignement","Enseignement Supérieur","Enseignement Supérieur - Salles de formation, d'enseignement ou de TP",76,309215,32102867
"2023","Enseignement","Enseignement Supérieur","Enseignement Supérieur - Salles de formation, d'enseignement ou de vie de campus - Sans Process",328,1963349,231307796
"2023","Enseignement","Enseignement Supérieur","Enseignement Supérieur - Valeur par défaut",549,3362062,386480950
"2023","Evenementiel","Parc d'expositions","Parc d'expositions - Halles d'expositions",39,434979,30111639
"2023","Evenementiel","Parc d'expositions","Parc d'expositions - Valeur par défaut",31,425027,30000106
"2023","Evenementiel","Sports","Centre équestre",12,43096,847267
"2023","Evenementiel","Sports","Gymnase (applicable à : Cesta punta, Salle d'escalade, Squash ou Tennis couvert…)",1249,2939823,234012784
"2023","Evenementiel","Sports","Patinoire, dont vestiaires, douches et sanitaires",34,180540,66347923
"2023","Evenementiel","Sports","Piscine, dont vestiaires, douches et sanitaires",540,1697548,911036513
"2023","Evenementiel","Sports","Récupération sportive (Massage - Cryothérapie en bassin ou cabine), Sauna, Hammam",3,44362,20783260
"2023","Evenementiel","Sports","Salle d'athlétisme couverte",11,62945,3271861
"2023","Evenementiel","Sports","Salle de danse",48,43839,4567256
"2023","Evenementiel","Sports","Salle de sport collectif (Basket ball, Hand ball, Volley ball, Futsal…)",1568,3779890,304723676
"2023","Evenementiel","Sports","Salle de sport de combat (Dojo)",88,123884,10841547
"2023","Evenementiel","Sports","Salle de sport de cours collectifs (fitness, pilates…)",215,386779,34396856
"2023","Evenementiel","Sports","Salle de sport de pratique individuelle (Machines cardio et musculation)",824,1098596,121450203
"2023","Evenementiel","Sports","Sports - Administration et bureaux (bureaux standards)",117,169136,21161898
"2023","Evenementiel","Sports","Sports - Valeur par défaut",1144,2888229,303559817
"2023","Evenementiel","Sports","Sports - Vestiaires, douches et sanitaires (sauf vestiaires de piscines et patinoires)",407,475915,66029356
"2023","Evenementiel","Sports","Stade/vélodrome - couvert",49,287797,25691451
"2023","Evenementiel","Sports","Stade/vélodrome, Hippodrome et Cynodrome - non couvert",87,579251,45458500
"2023","Evenementiel","Sports","Stand de tir",14,61926,1899397
"2023","Halles","Halles et marchés couverts","Halles et marchés couverts (Valeur par défaut)",39,127493,8427499
"2023","Halles","Halles et marchés couverts","Halles et marchés couverts - Etale ou stand alimentaire",46,36891,3565795
"2023","Halles","Halles et marchés couverts","Halles et marchés couverts - Etale ou stand non-alimentaire",5,25546,1977273
"2023","Halles","Halles et marchés couverts","Halles et marchés couverts - Partie commune (mail et locaux technique)",10,12855,855484
"2023","Hébergement touristique","Hébergement touristique de courte durée (auberge de jeunesse, centre-sportif, colonies de vacances, gîte d'étape et refuge de montagne)","Hébergement touristique de courte durée - Administration et bureaux (bureaux standards)",16,37750,2979876
"2023","Hébergement touristique","Hébergement touristique de courte durée (auberge de jeunesse, centre-sportif, colonies de vacances, gîte d'étape et refuge de montagne)","Hébergement touristique de courte durée - Sanitaires et zone de couchages",120,324146,40595033
"2023","Hébergement touristique","Hébergement touristique de courte durée (auberge de jeunesse, centre-sportif, colonies de vacances, gîte d'étape et refuge de montagne)","Hébergement touristique de courte durée - Valeur par défaut",185,533575,66389411
"2023","Hébergement touristique","Hébergement touristique de courte durée (auberge de jeunesse, centre-sportif, colonies de vacances, gîte d'étape et refuge de montagne)","Hébergement touristique de courte durée - Zone de restauration",8,13824,1437983
"2023","Hébergement touristique","Résidences de tourisme et villages ou clubs de vacances","Résidence de tourisme, ERP, 2 étoiles - Appartements et services (hors restauration)",14,52565,5460828
"2023","Hébergement touristique","Résidences de tourisme et villages ou clubs de vacances","Résidence de tourisme, ERP, 3 étoiles - Appartements et services (hors restauration)",43,210858,26249946
"2023","Hébergement touristique","Résidences de tourisme et villages ou clubs de vacances","Résidence de tourisme, ERP, 4 étoiles - Appartements et services (hors restauration)",25,178723,37465796
"2023","Hébergement touristique","Résidences de tourisme et villages ou clubs de vacances","Résidences de tourisme, ERP, 1 étoile et non classé - Appartements et services (hors restauration)",10,31639,3791694
"2023","Hébergement touristique","Résidences de tourisme et villages ou clubs de vacances","Résidences de tourisme, village ou club de vacances, ERP - Administration et bureaux (bureaux standard)",13,56099,4754839
"2023","Hébergement touristique","Résidences de tourisme et villages ou clubs de vacances","Résidences de tourisme, village ou club de vacances, ERP - Piscine intérieure",9,83620,68253353
"2023","Hébergement touristique","Résidences de tourisme et villages ou clubs de vacances","Résidences de tourisme, village ou club de vacances, ERP - Salle de sport de pratique individuelle (Machines cardio et musculation)",3,2789,1714288
"2023","Hébergement touristique","Résidences de tourisme et villages ou clubs de vacances","Résidences de tourisme, village ou club de vacances, ERP - Sauna et Hammam",6,5234,4403740
"2023","Hébergement touristique","Résidences de tourisme et villages ou clubs de vacances","Résidences de tourisme, village ou club de vacances, ERP - Valeur par défaut",186,1284128,161736194
"2023","Hébergement touristique","Résidences de tourisme et villages ou clubs de vacances","Village ou club de vacances, ERP, 1 étoile et non classé - Chambres et services (hors restauration)",12,46035,9322810
"2023","Hébergement touristique","Résidences de tourisme et villages ou clubs de vacances","Village ou club de vacances, ERP, 3 étoiles - Chambres et services (hors restauration)",31,173920,21888045
"2023","Hébergement touristique","Résidences de tourisme et villages ou clubs de vacances","Village ou club de vacances, ERP, 4 étoiles - Chambres et services (hors restauration)",5,88095,22295194
"2023","Hébergement touristique","Terrain de camping et parcs pour caravanes ou véhicules de loisirs","Terrain de camping - Administration et bureaux (Bureaux Standards)",4,5184,633377
"2023","Hébergement touristique","Terrain de camping et parcs pour caravanes ou véhicules de loisirs","Terrain de camping - Blocs sanitaires",11,7882,2880914
"2023","Hébergement touristique","Terrain de camping et parcs pour caravanes ou véhicules de loisirs","Terrain de camping - Valeur par défaut",34,89019,7759148
"2023","Hôtels","Hôtellerie","Hôtel - Administration et bureaux (bureaux standards)",14,41979,5103795
"2023","Hôtels","Hôtellerie","Hôtel - Piscine intérieure",7,23161,4717984
"2023","Hôtels","Hôtellerie","Hôtel - Sauna et Hammam",4,23913,6555198
"2023","Hôtels","Hôtellerie","Hôtel - Valeur par défaut",790,2557081,455963896
"2023","Hôtels","Hôtellerie","Hôtel 1 étoile et non classé - Chambres et services",189,309847,51548495
"2023","Hôtels","Hôtellerie","Hôtel 2 étoiles - Chambres et services",447,865228,122021861
"2023","Hôtels","Hôtellerie","Hôtel 3 étoiles - Chambres et services",948,2497728,378173698
"2023","Hôtels","Hôtellerie","Hôtel 4 étoiles- Chambres et services",643,3145960,598417657
"2023","Hôtels","Hôtellerie","Hôtel 5 étoiles et plus - Chambres et services",133,931260,243753495
"2023","Imprimerie","Imprimerie et reprographie","Imprimerie et reprographie - Administration et bureaux (Bureaux Standards)",16,31863,1918439
"2023","Imprimerie","Imprimerie et reprographie","Imprimerie et reprographie - Atelier d'imprimerie numérique",39,63029,13392969
"2023","Imprimerie","Imprimerie et reprographie","Imprimerie et reprographie - Atelier d'imprimerie offset",19,63200,22515960
"2023","Imprimerie","Imprimerie et reprographie","Imprimerie et reprographie - Local de stockage de matières premières et produits finis",6,28173,4252158
"2023","Imprimerie","Imprimerie et reprographie","Imprimerie et reprographie - Valeur par défaut",26,28491,5685761
"2023","Justice","Justice - Etablissements pénitentiaires","Etablissements pénitentiaires - Locaux hors zone de détention",20,303971,69833882
"2023","Justice","Justice - Etablissements pénitentiaires","Etablissements pénitentiaires - Zone de détention",10,240670,58294431
"2023","Justice","Justice - Protection Judiciaire de la Jeunesse","Protection Judiciaire de la Jeunesse - Hébergement des mineurs",12,32637,5260886
"2023","Justice","Justice - Protection Judiciaire de la Jeunesse","Protection Judiciaire de la Jeunesse - Valeur par défaut",7,17652,2867688
"2023","Justice","Justice - Tribunaux","Tribunaux - Administration et bureaux (Bureaux standards)",71,205881,25462933
"2023","Justice","Justice - Tribunaux","Tribunaux - Valeur par défaut",28,105210,9955845
"2023","Laboratoires","Laboratoires (hors périmètre médical : étalonnage, suivi écologique…)","Laboratoire - Administration et bureaux (Bureaux Standards)",50,103804,38096020
"2023","Laboratoires","Laboratoires (hors périmètre médical : étalonnage, suivi écologique…)","Laboratoire - Valeur par défaut",118,429560,126208213
"2023","Laboratoires","Laboratoires (hors périmètre médical : étalonnage, suivi écologique…)","Laboratoire - Zone laboratoire",62,363563,96205792
"2023","Local vacant","Local vacant","Local vacant",281,803132,53968162
"2023","Logistique","Logistique","Entrepôt ou messagerie sans besoin de maintien en température du produit (avec ou sans maintien hors-gel des locaux)",4352,32047482,2107251508
"2023","Logistique","Logistique","Entrepôt à température ambiante (évolution libre entre +12°C et +26°C) ou avec maintien hors-gel pour les besoins du produit",1671,12381707,825648120
"2023","Logistique","Logistique","Logistique - Administration et bureaux (bureaux standards)",671,2686956,191385741
"2023","Logistique","Logistique","Logistique - Valeur par défaut",1276,9688656,647982673
"2023","Logistique","Logistique","Logistique de froid négatif (Référence -18°C)",198,1305849,444766676
"2023","Logistique","Logistique","Logistique ou messagerie température dirigée +12 à +17°C - produits frais (référence à +15°C)",176,1657533,147391266
"2023","Logistique","Logistique","Logistique ou messagerie température dirigée froid positif +1 à +8°C - produits frais (référence à +3°C)",384,2706889,582662477
"2023","Nuit & Loisirs","Etablissement de nuit et de loisirs","Etablissement de nuit et de loisirs - Administration et bureaux (Bureaux Standards)",24,86894,29498765
"2023","Nuit & Loisirs","Etablissement de nuit et de loisirs","Etablissement de nuit et de loisirs - Bowling",27,85161,8902401
"2023","Nuit & Loisirs","Etablissement de nuit et de loisirs","Etablissement de nuit et de loisirs - Casino",95,302610,123375342
"2023","Nuit & Loisirs","Etablissement de nuit et de loisirs","Etablissement de nuit et de loisirs - Discothèque",9,10289,1070013
"2023","Nuit & Loisirs","Etablissement de nuit et de loisirs","Etablissement de nuit et de loisirs - Escape Game",14,6518,986223
"2023","Nuit & Loisirs","Etablissement de nuit et de loisirs","Etablissement de nuit et de loisirs - Espace Aqua ludique",9,33191,15014908
"2023","Nuit & Loisirs","Etablissement de nuit et de loisirs","Etablissement de nuit et de loisirs - Espace récréatif pour enfants",92,126065,11580193
"2023","Nuit & Loisirs","Etablissement de nuit et de loisirs","Etablissement de nuit et de loisirs - Laser Game",4,10601,276207
"2023","Nuit & Loisirs","Etablissement de nuit et de loisirs","Etablissement de nuit et de loisirs - Valeur par défaut",75,116597,18281644
"2023","Parc à thèmes","Parc d'attractions et parc à thèmes","Parc d'attractions et parc à thèmes - Administration et bureaux (Bureaux Standards)",7,15255,6586914
"2023","Parc à thèmes","Parc d'attractions et parc à thèmes","Parc d'attractions et parc à thèmes - Attraction bâtiment clos",6,217340,47099448
"2023","Parc à thèmes","Parc d'attractions et parc à thèmes","Parc d'attractions et parc à thèmes - Valeur par défaut",58,199858,61006855
"2023","Parties communes CC","Parties communes des centres commerciaux et des galeries commerciales","C Commercial et G Commerciale (Valeur par défaut)",282,880654,111452355
"2023","Parties communes CC","Parties communes des centres commerciaux et des galeries commerciales","C Commercial et G Commerciale - Administration et bureaux",18,18855,1543104
"2023","Parties communes CC","Parties communes des centres commerciaux et des galeries commerciales","C Commercial et G Commerciale - Zones accessibles au public",280,917631,101456207
"2023","Parties communes CC","Parties communes des centres commerciaux et des galeries commerciales","C Commercial et G Commerciale - Zones techniques Commerces",16,32516,2721326
"2023","Restauration","Restauration - Débit de boissons","Bar et café (sans restauration)",32,14731,2086332
"2023","Restauration","Restauration - Débit de boissons","Cafétéria (service de boissons chaudes, sandwiches et plats à réchauffer au micro-ondes)",65,64396,23429746
"2023","Restauration","Restauration - Débit de boissons","Restaurant gastronomique",20,26947,8502797
"2023","Restauration","Restauration - Débit de boissons","Restaurant traditionnel ou Brasserie",403,230678,96039761
"2023","Restauration","Restauration - Débit de boissons","Restauration - Valeur par défaut",442,325459,134404433
"2023","Restauration","Restauration - Débit de boissons","Restauration collective - Cuisine centrale",84,139246,53086254
"2023","Restauration","Restauration - Débit de boissons","Restauration collective avec services - Restauration inter-entreprises",80,123446,28470361
"2023","Restauration","Restauration - Débit de boissons","Restauration collective scolaire et universitaire",313,291334,54556810
"2023","Restauration","Restauration - Débit de boissons","Restauration en service continu en libre-service (avec plateaux) - Self",13,7542,2667686
"2023","Restauration","Restauration - Débit de boissons","Restauration et débit de boissons - Réserve - Température ambiante",10,15835,11438202
"2023","Restauration","Restauration - Débit de boissons","Restauration et débits de boisson - Réserve et/ou meubles froid positif",9,15460,10219099
"2023","Restauration","Restauration - Débit de boissons","Restauration et débits de boissons - Administration et bureaux (bureaux standard)",26,17117,8172006
"2023","Restauration","Restauration - Débit de boissons","Restauration rapide commerciale continue (Burger - Salade - Kebab, …)",856,326434,266416528
"2023","Restauration","Restauration - Débit de boissons","Restauration rapide debout (Sandwicherie)",27,6548,2815447
"2023","Restauration","Restauration - Débit de boissons","Restauration sans service à la place (vente emportée ou livrée)",26,8840,2506113
"2023","Santé","Santé - Centres Hospitaliers","Centres Hospitaliers - Administration non intégrée dans un service de soins (Bureaux Standards)",144,3629438,939575950
"2023","Santé","Santé - Centres Hospitaliers","Centres Hospitaliers - Blanchisserie",6,52581,31598535
"2023","Santé","Santé - Centres Hospitaliers","Centres Hospitaliers - Blocs opératoires (blocs opératoires programmés et blocs opératoires d'urgence)",18,338739,85185997
"2023","Santé","Santé - Centres Hospitaliers","Centres Hospitaliers - Consultation",264,1842645,449825175
"2023","Santé","Santé - Centres Hospitaliers","Centres Hospitaliers - Hospitalisation ambulatoire",60,195972,43493397
"2023","Santé","Santé - Centres Hospitaliers","Centres Hospitaliers - Hospitalisation conventionnelle",518,10062862,2421275036
"2023","Santé","Santé - Centres Hospitaliers","Centres Hospitaliers - Imageries médicales (mammographie, tomographie, échographie, radiographie, IRM…)",21,21032,6704803
"2023","Santé","Santé - Centres Hospitaliers","Centres Hospitaliers - Laboratoires classés P2, P3, P4",3,6506,3037158
"2023","Santé","Santé - Centres Hospitaliers","Centres Hospitaliers - Laboratoires courants",16,43132,12917237
"2023","Santé","Santé - Centres Hospitaliers","Centres Hospitaliers - Restauration collective - Cuisine centrale (plateau repas)",14,58565,23667968
"2023","Santé","Santé - Centres Hospitaliers","Centres Hospitaliers - Rééducation fonctionnelle - Kinésithérapie (SSR, thermothérapie, massages…)",170,1396276,254971834
"2023","Santé","Santé - Centres Hospitaliers","Centres Hospitaliers - Salles blanches (pharmacie, chimiothérapie, dialyse, oxygénothérapie, prélèvements d'organes…)",11,11436,1851805
"2023","Santé","Santé - Centres Hospitaliers","Centres Hospitaliers - Valeur par défaut",713,13618085,3126562078
"2023","Santé","Santé - Centres Hospitaliers","Centres Hospitaliers - Zone accueil public",32,430667,86790753
"2023","Santé","Santé - Etablissements médico-sociaux","Centre médical (Maison médicale - Protection Maternelle et Infantile)",68,107362,12694930
"2023","Santé","Santé - Etablissements médico-sociaux","Centre médical spécialisé pour enfants et adolescents (CAMSP - CMPP)",58,146771,19539950
"2023","Santé","Santé - Etablissements médico-sociaux","Etablissement d'hébergement pour personnes âgées dépendantes (EHPAD) - Zones de vie",2927,14385089,2252535802
"2023","Santé","Santé - Etablissements médico-sociaux","Etablissement d'hébergement social ou médico-social de mineurs en difficultés (MECS) - Zones de vie",195,482251,73506213
"2023","Santé","Santé - Etablissements médico-sociaux","Etablissement de Balnéothérapie - Bassins et piscines (dont vestiaires et douches)",3,15292,9566723
"2023","Santé","Santé - Etablissements médico-sociaux","Etablissement de prise en charge pour les enfants et adolescents (IEM - EEAP - IME - IDA - IDV - ITEP) - Zones de vie",476,1536986,208621216
"2023","Santé","Santé - Etablissements médico-sociaux","Etablissement médicalisé d'hébergement permanent pour adultes dépendants (MAS - FAM/EAM) - Zones de vie",573,2016129,320166906
"2023","Santé","Santé - Etablissements médico-sociaux","Etablissement médico-social - Administration et bureaux (bureaux standards)",271,468053,56902735
"2023","Santé","Santé - Etablissements médico-sociaux","Etablissement médico-social - Laverie",36,225590,58217958
"2023","Santé","Santé - Etablissements médico-sociaux","Etablissement médico-social - Restauration collective avec services",28,118825,18549614
"2023","Santé","Santé - Etablissements médico-sociaux","Etablissements médico-sociaux - Valeur par défaut",1732,5758247,874362067
"2023","Santé","Santé - Santé libérale","Santé libérale - Administration et bureaux (Bureaux Standards)",54,34810,4547700
"2023","Santé","Santé - Santé libérale","Santé libérale - Autre activité de santé libérale sans process (y compris accueil et salle d'attente associés)",4,3203,150980
"2023","Santé","Santé - Santé libérale","Santé libérale - Imagerie médicale",33,25166,7384601
"2023","Santé","Santé - Santé libérale","Santé libérale - Kinésithérapie, Rééducation fonctionnelle (y compris accueil et salle d'attente associés)",61,10377,1178841
"2023","Santé","Santé - Santé libérale","Santé libérale - Laboratoire médical (y compris accueil et salle d'attente associés)",59,43161,10122533
"2023","Santé","Santé - Santé libérale","Santé libérale - Ophtalmologie (y compris accueil et salle d'attente associés)",18,10158,1043566
"2023","Santé","Santé - Santé libérale","Santé libérale - Prestations dentaires (y compris accueil et salle d'attente associés)",80,23651,2643589
"2023","Santé","Santé - Santé libérale","Santé libérale - Valeur par défaut",222,128221,17520192
"2023","Serveurs & IT","Salles serveurs et centres d'exploitation informatique","Grand Data Center (surface de salle IT comprise entre 5 000 m² à 10 000 m²)",15,129661,475288822
"2023","Serveurs & IT","Salles serveurs et centres d'exploitation informatique","Mini Data Center (surface de salle IT comprise entre 100 et 500 m²)",31,17566,31613308
"2023","Serveurs & IT","Salles serveurs et centres d'exploitation informatique","Moyen Data Center (surface de salle IT comprise entre 1 000 m² à 5 000 m²)",82,299055,751857923
"2023","Serveurs & IT","Salles serveurs et centres d'exploitation informatique","Petit Data Center (surface de salle IT comprise entre 500 et 1 000 m²)",38,63908,133935832
"2023","Serveurs & IT","Salles serveurs et centres d'exploitation informatique","Salle serveur & Data Center - Valeur par défaut",8,26363,35542103
"2023","Serveurs & IT","Salles serveurs et centres d'exploitation informatique","Très grand Data Center (surface de salle IT supérieure à 10 000 m²)",10,172973,448277092
"2023","Stationnement","Stationnement","Stationnement - Aire de lavage (en infra ou superstructure)",4,5526,269941
"2023","Stationnement","Stationnement","Stationnement - Station-service (en infra ou superstructure)",6,5560,209622
"2023","Stationnement","Stationnement","Stationnement - Valeur par défaut",223,2079842,40535105
"2023","Stationnement","Stationnement","Stationnement en infrastructure (Sous-sol en ventilation mécanique)",337,4613926,173193153
"2023","Stationnement","Stationnement","Stationnement en superstructure (Silo en ventilation naturelle, Parc de stationnement largement ventilé)",107,1859582,74658592
"2023","Transport","Transport aérien de voyageurs - Site aéroporturaire","Transport aérien de voyageurs - Administration et bureaux (Bureaux Standards)",63,212590,26836660
"2023","Transport","Transport aérien de voyageurs - Site aéroporturaire","Transport aérien de voyageurs - Hangars de maintenance aéronautique",28,252584,34751842
"2023","Transport","Transport aérien de voyageurs - Site aéroporturaire","Transport aérien de voyageurs - Valeur par défaut",18,60396,8103691
"2023","Transport","Transport aérien de voyageurs - Site aéroporturaire","Transport aérien de voyageurs - Zone sûreté et tri bagages",4,5466,258109
"2023","Transport","Transport aérien de voyageurs - Site aéroporturaire","Transport aérien de voyageurs - Zones passagers et parties communes de la zone commerciale",54,792330,143207074
"2023","Transport","Transport ferroviaire et guidé de voyageurs","Transport ferroviaire et guidé de voyageurs - Ateliers de maintenance du matériel roulant - N 1 à 3",30,241481,29671040
"2023","Transport","Transport ferroviaire et guidé de voyageurs","Transport ferroviaire et guidé de voyageurs - Ateliers de maintenance du matériel roulant - N 1 à 4",8,97220,13898732
"2023","Transport","Transport ferroviaire et guidé de voyageurs","Transport ferroviaire et guidé de voyageurs - Valeur par défaut",2162,4756138,672135695
"2023","Transport","Transport ferroviaire et guidé de voyageurs","Transport ferroviaire et guidé de voyageurs - Zones Voyageurs aériennes",20,79343,9236141
"2023","Transport","Transport ferroviaire et guidé de voyageurs","Transport ferroviaire et guidé de voyageurs - Zones de remisage couvertes",20,148524,15591689
"2023","Transport","Transport maritime ou fluvial de voyageurs","Gare maritime ou fluviale (Valeur par défaut)",5,7407,588898
"2023","Transport","Transport routier de voyageurs","Gare routière (Valeur par défaut)",12,29029,2812540
"2023","Transport","Transport routier de voyageurs","Transport routier de voyageurs - Administration et bureaux (Bureaux Standards)",49,126711,14749936
"2023","Transport","Transport routier de voyageurs","Transport routier de voyageurs - Ateliers de maintenance",61,205383,35260419
"2023","Vente véhicules et engins","Vente et services engins nautiques et de plaisance","Vente et services engins nautiques et de plaisance - Administration et bureaux (Bureaux Standards)",13,19008,2075047
"2023","Vente véhicules et engins","Vente et services engins nautiques et de plaisance","Vente et services engins nautiques et de plaisance - Magasin de stockage de pièces",3,5680,167900
"2023","Vente véhicules et engins","Vente et services engins nautiques et de plaisance","Vente et services engins nautiques et de plaisance - Valeur par défaut",8,7822,378074
"2023","Vente véhicules et engins","Vente et services engins nautiques et de plaisance","Vente et services engins nautiques et de plaisance - Vente et exposition des unités",7,4545,436275
"2023","Vente véhicules et engins","Vente et services engins nautiques et de plaisance","Vente et services engins nautiques et de plaisance - Zones atelier",14,17752,1801152
"2023","Vente véhicules et engins","Vente et services motocycle","Vente et services motocycles - Valeur par défaut",25,24689,1505058
"2023","Vente véhicules et engins","Vente et services motocycle","Vente et services motocycles - Vente et exposition de motocycles",23,25006,1441972
"2023","Vente véhicules et engins","Vente et services motocycle","Vente et services motocycles - Zones atelier",4,3974,153438
"2023","Vente véhicules et engins","Vente et services véhicules légers","Vente et services véhicules légers - Administration et bureaux (Bureaux Standards)",53,84714,9339858
"2023","Vente véhicules et engins","Vente et services véhicules légers","Vente et services véhicules légers - Magasin de stockage de pièces",91,187785,10160339
"2023","Vente véhicules et engins","Vente et services véhicules légers","Vente et services véhicules légers - Valeur par défaut",1393,3605014,404224552
"2023","Vente véhicules et engins","Vente et services véhicules légers","Vente et services véhicules légers - Vente et exposition des véhicules",288,548895,49812413
"2023","Vente véhicules et engins","Vente et services véhicules légers","Vente et services véhicules légers - Zones atelier",820,2027878,231454657
"2023","Vente véhicules et engins","Vente et services véhicules utilitaires et véhicules industriels","Vente et services véhicules utilitaires et véhicules industriels - Administration et bureaux (Bureaux Standards)",61,120424,12212356
"2023","Vente véhicules et engins","Vente et services véhicules utilitaires et véhicules industriels","Vente et services véhicules utilitaires et véhicules industriels - Magasin de stockage de pièces",83,235631,12332482
"2023","Vente véhicules et engins","Vente et services véhicules utilitaires et véhicules industriels","Vente et services véhicules utilitaires et véhicules industriels - Valeur par défaut",429,900409,77242170
"2023","Vente véhicules et engins","Vente et services véhicules utilitaires et véhicules industriels","Vente et services véhicules utilitaires et véhicules industriels - Vente et exposition des véhicules",22,35888,1617622
"2023","Vente véhicules et engins","Vente et services véhicules utilitaires et véhicules industriels","Vente et services véhicules utilitaires et véhicules industriels - Zones atelier",1039,2216212,177447752
"0 - année de référence","Audiovisuel","Audiovisuel - Radio","ND",13,49885,15352953
"0 - année de référence","Bureaux","Bureaux - Services Publics - Banque","ND",25,54525,9660083
"0 - année de référence","Commerce alimentaire","Commerce - Grande Surface Alimentaire - Grand supermarché (surface de vente comprise entre 1 000 m² et 2 500 m²)","ND",6,15359,6730475
"0 - année de référence","Commerce alimentaire","Commerce - Grande Surface Alimentaire - Hypermarché (surface de vente supérieure à 2 500 m²)","ND",12,106511,35277035
"0 - année de référence","Commerce alimentaire","Commerce - Grande Surface Alimentaire - Petit supermarché (surface de vente comprise entre 400 m² et 1 000 m²)","ND",5,6976,2258231
"0 - année de référence","Commerce alimentaire","Commerce - Grande Surface Alimentaire - Supérette (surface de vente < 400 m²)","ND",3,1256,538680
"0 - année de référence","Commerce alimentaire","Commerces et services de détail - Alimentaire","ND",5,2129,726691
"0 - année de référence","Commerce non alimentaire","Commerce - Grande Surface de Bricolage","ND",4,8815,610318
"0 - année de référence","Commerce non alimentaire","Commerces et services de détail - Equipement de la personne et loisirs","ND",4,23803,1551024
"0 - année de référence","Culture","Culture et spectacles - Bibliothèque, médiathèque et service d'archives","ND",3,21689,3357485
"0 - année de référence","Culture","Culture et spectacles - Cinéma","ND",3,5962,685286
"0 - année de référence","Culture","Culture et spectacles - Musée ou centre d'art sans protection patrimoniale","ND",7,35241,5407670
"0 - année de référence","Culture","Culture et spectacles - Salle de spectacles vivants avec protection patrimoniale","ND",4,22450,3307775
"0 - année de référence","Culture","Culture et spectacles - Salle de spectacles vivants sans protection patrimoniale","ND",8,25894,3289447
"0 - année de référence","Enseignement","Enseignement - Formation continue pour adultes","ND",5,33254,9385321
"0 - année de référence","Enseignement","Enseignement Primaire","ND",19,69734,11575106
"0 - année de référence","Enseignement","Enseignement Secondaire","ND",14,100820,11548677
"0 - année de référence","Enseignement","Enseignement Supérieur","ND",4,30929,5645582
"0 - année de référence","Evenementiel","Sports","ND",15,48119,7575496
"0 - année de référence","Hôtels","Hôtellerie","ND",3,17788,5465724
"0 - année de référence","Justice","Justice - Protection Judiciaire de la Jeunesse","ND",4,4149,1169614
"0 - année de référence","Logistique","Logistique","ND",6,33209,19803030
"0 - année de référence","Nuit & Loisirs","Etablissement de nuit et de loisirs","ND",4,1644,83971
"0 - année de référence","Parc à thèmes","Parc d'attractions et parc à thèmes","ND",7,162654,43856241
"0 - année de référence","Restauration","Restauration - Débit de boissons","ND",6,13992,3905106
"0 - année de référence","Santé","Santé - Centres Hospitaliers","ND",8,287021,86804086
"0 - année de référence","Santé","Santé - Etablissements médico-sociaux","ND",5,40003,14359263
"0 - année de référence","Stationnement","Stationnement","ND",6,79608,8410970
"0 - année de référence","Transport","Transport aérien de voyageurs - Site aéroporturaire","ND",4,122182,20229378
"0 - année de référence","Transport","Transport routier de voyageurs","ND",4,36196,4225724
"0 - année de référence","Vente véhicules et engins","Vente et services véhicules légers","ND",3,15768,1541618
"0 - année de référence","Vente véhicules et engins","Vente et services véhicules utilitaires et véhicules industriels","ND",4,20842,1607515
"2020","Accueil petite enfance","Accueil petite enfance","ND",4,7512,1164460
"2020","Audiovisuel","Audiovisuel - Radio","ND",15,54500,14789224
"2020","Bureaux","Bureaux - Services Publics - Banque","ND",36,96938,13333703
"2020","Commerce alimentaire","Commerce - Grande Surface Alimentaire - Grand supermarché (surface de vente comprise entre 1 000 m² et 2 500 m²)","ND",6,17689,6429404
"2020","Commerce alimentaire","Commerce - Grande Surface Alimentaire - Hypermarché (surface de vente supérieure à 2 500 m²)","ND",7,65756,18615379
"2020","Commerce alimentaire","Commerce - Grande Surface Alimentaire - Petit supermarché (surface de vente comprise entre 400 m² et 1 000 m²)","ND",4,5012,1292210
"2020","Commerce alimentaire","Commerce - Grande Surface Alimentaire - Supérette (surface de vente < 400 m²)","ND",4,1104,355741
"2020","Commerce alimentaire","Commerces et services de détail - Alimentaire","ND",3,2433,612973
"2020","Commerce non alimentaire","Commerces et services de détail - Equipement de la personne et loisirs","ND",4,26610,1189042
"2020","Culture","Culture et spectacles - Bibliothèque, médiathèque et service d'archives","ND",5,20084,2065728
"2020","Culture","Culture et spectacles - Cinéma","ND",4,8939,1202336
"2020","Culture","Culture et spectacles - Musée ou centre d'art sans protection patrimoniale","ND",8,67555,5864926
"2020","Culture","Culture et spectacles - Salle de spectacles vivants avec protection patrimoniale","ND",3,16263,2269550
"2020","Culture","Culture et spectacles - Salle de spectacles vivants sans protection patrimoniale","ND",13,126184,9516938
"2020","Enseignement","Enseignement - Formation continue pour adultes","ND",7,50448,9160047
"2020","Enseignement","Enseignement Primaire","ND",23,66685,7790258
"2020","Enseignement","Enseignement Secondaire","ND",9,60527,5654763
"2020","Enseignement","Enseignement Supérieur","ND",7,55321,6673200
"2020","Evenementiel","Sports","ND",19,65946,7930089
"2020","Hôtels","Hôtellerie","ND",4,23688,4984377
"2020","Justice","Justice - Protection Judiciaire de la Jeunesse","ND",6,4920,1046633
"2020","Nuit & Loisirs","Etablissement de nuit et de loisirs","ND",3,1818,131862
"2020","Restauration","Restauration - Débit de boissons","ND",9,38696,11504550
"2020","Santé","Santé - Centres Hospitaliers","ND",3,27207,5842825
"2020","Santé","Santé - Etablissements médico-sociaux","ND",7,34101,5987961
"2020","Stationnement","Stationnement","ND",5,119390,9686630
"2020","Transport","Transport aérien de voyageurs - Site aéroporturaire","ND",5,95213,17681178
"2020","Vente véhicules et engins","Vente et services véhicules légers","ND",3,15768,1312175
"2020","Vente véhicules et engins","Vente et services véhicules utilitaires et véhicules industriels","ND",4,20842,1390769
"2021","Audiovisuel","Audiovisuel - Radio","ND",15,54423,14741531
"2021","Bureaux","Bureaux - Services Publics - Banque","ND",34,89456,11169266
"2021","Commerce alimentaire","Commerce - Grande Surface Alimentaire - Grand supermarché (surface de vente comprise entre 1 000 m² et 2 500 m²)","ND",5,14259,5085179
"2021","Commerce alimentaire","Commerce - Grande Surface Alimentaire - Hypermarché (surface de vente supérieure à 2 500 m²)","ND",7,65425,17721912
"2021","Commerce alimentaire","Commerce - Grande Surface Alimentaire - Petit supermarché (surface de vente comprise entre 400 m² et 1 000 m²)","ND",5,6515,1892608
"2021","Commerce alimentaire","Commerces et services de détail - Alimentaire","ND",3,2433,646528
"2021","Commerce non alimentaire","Commerce - Grande Surface de Bricolage","ND",4,8815,520960
"2021","Commerce non alimentaire","Commerces et services de détail - Equipement de la personne et loisirs","ND",4,26610,1355489
"2021","Culture","Culture et spectacles - Bibliothèque, médiathèque et service d'archives","ND",5,20084,2412326
"2021","Culture","Culture et spectacles - Musée ou centre d'art sans protection patrimoniale","ND",7,66429,6748706
"2021","Culture","Culture et spectacles - Salle de spectacles vivants avec protection patrimoniale","ND",3,16263,2496760
"2021","Culture","Culture et spectacles - Salle de spectacles vivants sans protection patrimoniale","ND",13,126499,12469485
"2021","Enseignement","Enseignement - Formation continue pour adultes","ND",6,37021,8505816
"2021","Enseignement","Enseignement Primaire","ND",26,73378,10104807
"2021","Enseignement","Enseignement Secondaire","ND",7,48330,5328435
"2021","Enseignement","Enseignement Supérieur","ND",7,59864,8749758
"2021","Evenementiel","Sports","ND",18,64197,8485169
"2021","Hébergement touristique","Résidences de tourisme et villages ou clubs de vacances","ND",5,12208,3631831
"2021","Hôtels","Hôtellerie","ND",3,16889,2419198
"2021","Justice","Justice - Protection Judiciaire de la Jeunesse","ND",5,4521,1116952
"2021","Logistique","Logistique","ND",6,16003,1861765
"2021","Nuit & Loisirs","Etablissement de nuit et de loisirs","ND",3,1818,151736
"2021","Parc à thèmes","Parc d'attractions et parc à thèmes","ND",5,137637,19794237
"2021","Restauration","Restauration - Débit de boissons","ND",7,35504,12421705
"2021","Santé","Santé - Centres Hospitaliers","ND",5,99831,16537077
"2021","Santé","Santé - Etablissements médico-sociaux","ND",7,34101,6875139
"2021","Stationnement","Stationnement","ND",12,141592,14700880
"2021","Vente véhicules et engins","Vente et services véhicules légers","ND",3,15768,1447137
"2021","Vente véhicules et engins","Vente et services véhicules utilitaires et véhicules industriels","ND",7,35204,2196519
"2022","Accueil petite enfance","Accueil petite enfance","ND",3,5092,659312
"2022","Audiovisuel","Audiovisuel - Radio","ND",14,55130,14426007
"2022","Bureaux","Bureaux - Services Publics - Banque","ND",29,125428,19286884
"2022","Commerce alimentaire","Commerce - Grande Surface Alimentaire - Grand supermarché (surface de vente comprise entre 1 000 m² et 2 500 m²)","ND",9,24732,5988192
"2022","Commerce alimentaire","Commerce - Grande Surface Alimentaire - Hypermarché (surface de vente supérieure à 2 500 m²)","ND",6,50671,10692781
"2022","Commerce non alimentaire","Commerce - Grande Surface de Bricolage","ND",4,8815,460966
"2022","Commerce non alimentaire","Commerces et services de détail - Equipement de la personne et loisirs","ND",3,23962,1231730
"2022","Culture","Culture et spectacles - Bibliothèque, médiathèque et service d'archives","ND",4,19453,1889565
"2022","Culture","Culture et spectacles - Musée ou centre d'art sans protection patrimoniale","ND",9,76359,6848637
"2022","Culture","Culture et spectacles - Salle de spectacles vivants avec protection patrimoniale","ND",3,13710,2582974
"2022","Culture","Culture et spectacles - Salle de spectacles vivants sans protection patrimoniale","ND",9,29735,2906767
"2022","Enseignement","Enseignement - Formation continue pour adultes","ND",5,21401,2162698
"2022","Enseignement","Enseignement Primaire","ND",26,79385,9995443
"2022","Enseignement","Enseignement Secondaire","ND",5,30119,1841565
"2022","Evenementiel","Sports","ND",13,34965,4786762
"2022","Hébergement touristique","Résidences de tourisme et villages ou clubs de vacances","ND",6,10761,4543795
"2022","Justice","Justice - Protection Judiciaire de la Jeunesse","ND",4,4237,943922
"2022","Logistique","Logistique","ND",4,7838,1239215
"2022","Nuit & Loisirs","Etablissement de nuit et de loisirs","ND",3,1818,146609
"2022","Parc à thèmes","Parc d'attractions et parc à thèmes","ND",8,142318,23609094
"2022","Restauration","Restauration - Débit de boissons","ND",9,27880,5007095
"2022","Santé","Santé - Centres Hospitaliers","ND",14,192768,34428830
"2022","Santé","Santé - Etablissements médico-sociaux","ND",6,22504,3423690
"2022","Stationnement","Stationnement","ND",4,110685,8018387
"2022","Vente véhicules et engins","Vente et services véhicules utilitaires et véhicules industriels","ND",3,9571,603574
"2023","Bureaux","Bureaux - Services Publics - Banque","ND",3,639,94551
"2023","Commerce alimentaire","Commerce - Grande Surface Alimentaire - Grand supermarché (surface de vente comprise entre 1 000 m² et 2 500 m²)","ND",8,18817,5400822
"2023","Commerce alimentaire","Commerce - Grande Surface Alimentaire - Hypermarché (surface de vente supérieure à 2 500 m²)","ND",6,44695,8775942
"2023","Commerce alimentaire","Commerce - Grande Surface Alimentaire - Petit supermarché (surface de vente comprise entre 400 m² et 1 000 m²)","ND",4,4851,1587269
"2023","Commerce alimentaire","Commerce - Grande Surface Alimentaire - Supérette (surface de vente < 400 m²)","ND",3,863,286634
"2023","Commerce alimentaire","Commerces et services de détail - Alimentaire","ND",3,421,388226
"2023","Culture","Culture et spectacles - Salle de spectacles vivants avec protection patrimoniale","ND",6,26585,3233860
"2023","Culture","Culture et spectacles - Salle de spectacles vivants sans protection patrimoniale","ND",4,8364,801986
"2023","Hébergement touristique","Résidences de tourisme et villages ou clubs de vacances","ND",5,10773,1520916
"2023","Vente véhicules et engins","Vente et services motocycle","ND",5,19461,1213724
"0 - année de référence","Commerce non alimentaire","ND","ND",4,21865,2595641
"0 - année de référence","Hébergement touristique","ND","ND",4,8185,1918943
"0 - année de référence","Transport","ND","ND",4,29945,8643687
"2020","Commerce non alimentaire","ND","ND",3,10853,1191467
"2020","Evenementiel","ND","ND",4,10372,1205551
"2020","Hébergement touristique","ND","ND",3,6991,2447384
"2020","Transport","ND","ND",3,57396,6476561
"2021","Culture","ND","ND",4,4891,601114
"2021","Transport","ND","ND",9,128378,22890516
"2022","Commerce alimentaire","ND","ND",4,5079,1007627
"2022","Evenementiel","ND","ND",4,13294,494722
"2022","Transport","ND","ND",8,120688,9043353
"2022","Vente véhicules et engins","ND","ND",5,23921,2350886
"2023","Evenementiel","ND","ND",4,13294,449375
"2023","Santé","ND","ND",3,14434,5075817
"2023","Transport","ND","ND",7,41442,4230576
"0 - année de référence","ND","ND","ND",20,47427,5895304
"2020","ND","ND","ND",27,192572,43309674
"2021","ND","ND","ND",26,83999,18513941
"2022","ND","ND","ND",41,147414,51877104
"2023","ND","ND","ND",30,60612,23917803
